Relay Height,Gain,Time Constant(T1),Time Constant(T2),Delay,Amplitude ,Time Period,Estimated T1,Estimated T2
1,1,2,1,2,0.5496,8.209,2.161431183,0.862879393
1,1,3,1,2,0.4484,8.877,3.009013749,0.954498753
1,1,4,1,2,0.3723,9.319,3.977311421,0.970160347
1,1,5,1,2,0.3148,9.605,5.016395902,0.954744326
1,1,6,1,2,0.2729,9.9,6.039167663,0.980569026
1,1,7,1,2,0.2421,10.059,7.015595221,0.972503981
1,1,8,1,2,0.2179,10.22,7.976180058,0.980278817
1,1,9,1,2,0.1984,10.406,8.927492861,1.007708841
1,1,10,1,2,0.182,10.462,9.870983434,0.990785715
1,1,11,1,2,0.1681,10.555,10.82126558,0.99387342
1,1,12,1,2,0.1562,10.63,11.76766763,0.994506108
1,1,13,1,2,0.1458,10.761,12.73913378,1.018878009
1,1,14,1,2,0.1443,10.822,12.9024154,1.037874054
1,1,15,1,2,0.1287,10.833,14.63213897,1.005749312
1,1,3,2,2,0.3793,10.438,3.434038405,1.771366535
1,1,4,2,2,0.3225,11.065,4.446844444,1.858006569
1,1,5,2,2,0.2808,11.453,5.503156516,1.852353824
1,1,6,2,2,0.2485,11.925,6.493928867,1.959477766
1,1,7,2,2,0.2226,12.218,7.546692469,1.980151105
1,1,8,2,2,0.2014,12.326,8.645470152,1.919163686
1,1,9,2,2,0.1839,12.632,9.681761221,1.991781787
1,1,10,2,2,0.1692,12.818,10.74200856,2.010507518
1,1,11,2,2,0.1567,12.802,11.82816403,1.935718071
1,1,12,2,2,0.1458,13.809,12.74204997,2.410773476
1,1,13,2,2,0.1364,13.191,13.94488266,2.025889761
1,1,14,2,2,0.128,13.291,15.02867256,2.031357688
1,1,15,2,2,0.1207,13.371,16.09357257,2.032529899
1,1,4,3,2,0.2901,12.236,4.642104672,2.67213541
1,1,5,3,2,0.2601,12.812,5.457926927,2.836494742
1,1,6,3,2,0.2358,13.323,6.283451602,2.984347169
1,1,7,3,2,0.2157,13.653,7.214242456,2.993734824
1,1,8,3,2,0.1988,13.774,8.233748133,2.871067603
1,1,9,3,2,0.1844,14.296,8.984457844,3.114179237
1,1,10,3,2,0.1719,14.46,9.936580192,3.081658026
1,1,11,3,2,0.1611,14.718,10.81195178,3.143164324
1,1,12,3,2,0.1515,14.624,11.84883071,2.966114378
1,1,13,3,2,0.143,14.779,12.75652728,2.981498306
1,1,14,3,2,0.1355,15.207,13.53890868,3.187286788
1,1,15,3,2,0.1287,15.372,14.4337948,3.221058651
1,1,5,4,2,0.2416,13.848,5.140660263,4.011243827
1,1,6,4,2,0.2227,14.305,6.008627016,4.010996669
1,1,7,4,2,0.2063,14.758,6.786689991,4.11842605
1,1,8,4,2,0.192,15.12,7.644033787,4.143876993
1,1,9,4,2,0.1794,15.426,8.526119407,4.149649711
1,1,10,4,2,0.1683,15.407,9.656506202,3.851414178
1,1,11,4,2,0.1583,15.606,10.56517701,3.838351566
1,1,12,4,2,0.1495,16.229,11.13407343,4.247439642
1,1,13,4,2,0.1416,15.972,12.33462449,3.850216578
1,1,14,4,2,0.1346,16.127,13.20521984,3.856428355
1,1,15,4,2,0.1282,16.267,14.08519768,3.860622508
1,1,6,5,4,0.3525,21.767,7.517477752,3.927677535
1,1,7,5,4,0.319,22.78,8.679267363,4.238704998
1,1,8,5,4,0.3,23.418,9.454742745,4.445453027
1,1,9,5,4,0.2831,23.51,10.56029357,4.193696321
1,1,10,5,4,0.2681,23.979,11.39675553,4.307770944
1,1,11,5,4,0.2546,24.29,12.30300744,4.317704642
1,1,12,5,4,0.2425,24.688,13.1455782,4.412147552
1,1,13,5,4,0.2315,25.015,14.01333442,4.467631219
1,1,14,5,4,0.2241,25.339,14.60331466,4.575719323
1,1,15,5,4,0.2116,26.347,15.49683644,5.084254532
1,1,7,6,4,0.304,23.81,8.826159804,4.984735777
1,1,8,6,4,0.2888,24.017,9.812455207,4.775567596
1,1,9,6,4,0.2748,24.493,10.54942499,4.898540433
1,1,10,6,4,0.2612,25.03,11.30662331,5.076494219
1,1,11,6,4,0.2483,26.326,11.46712271,6.067451497
1,1,12,6,4,0.2361,26.768,12.42477618,6.11386175
1,1,13,6,4,0.2247,27.082,13.4984605,6.051011893
1,1,14,6,4,0.2142,27.461,14.50443113,6.089193532
1,1,15,6,4,0.2046,27.78,15.53639672,6.096468634
1,3,2,1,4,2.384,12.697,2.336019834,0.635177916
1,3,3,1,4,2.059,13.587,3.124417381,0.732105076
1,3,4,1,4,1.798,14.333,3.958279782,0.807244564
1,3,5,1,4,1.58,14.992,4.864067718,0.872172808
1,3,6,1,4,1.403,15.44,5.799579244,0.879797386
1,3,7,1,4,1.263,15.73,6.71086616,0.857793919
1,3,8,1,4,1.148,16.216,7.654609442,0.930746041
1,3,9,1,4,1.051,16.341,8.56302189,0.883981269
1,3,10,1,4,0.9954,16.743,9.225295425,0.975432455
1,3,11,1,4,0.8869,16.873,10.61012858,0.917322335
1,3,12,1,4,0.8272,17.131,11.57291715,0.949383778
1,3,13,1,4,0.7773,17.29,12.47390003,0.955866323
1,3,14,1,4,0.7329,17.431,13.37774587,0.960896176
1,3,15,1,4,0.693,17.558,14.28814493,0.965052139
1,3,3,2,4,1.895,15.531,3.304635265,1.672196282
1,3,4,2,4,1.671,16.371,4.207346656,1.744819437
1,3,5,2,4,1.482,17.074,5.182630622,1.787086284
1,3,6,2,4,1.32,17.527,6.263948127,1.732655388
1,3,7,2,4,1.195,18.105,7.246281178,1.811019659
1,3,8,2,4,1.095,18.481,8.209857711,1.823226165
1,3,9,2,4,1.049,18.966,8.682785472,1.978618315
1,3,10,2,4,0.9387,19.284,10.11101115,1.933647268
1,3,11,2,4,0.8763,19.388,11.07046256,1.876289539
1,3,12,2,4,0.8269,19.627,11.92591355,1.899957246
1,3,13,2,4,0.7784,19.834,12.87164219,1.910008421
1,3,14,2,4,0.7352,20.018,13.81875924,1.917926113
1,3,15,2,4,0.6966,19.999,14.74873293,1.850633291
1,3,4,3,4,1.538,17.827,4.394067832,2.561321892
1,3,5,3,4,1.388,18.643,5.28603284,2.677744343
1,3,6,3,4,1.271,19.326,6.12273422,2.785294434
1,3,7,3,4,1.174,20.1,6.856566617,3.022005627
1,3,8,3,4,1.091,20.372,7.806807892,2.9059595
1,3,9,3,4,1.018,20.781,8.674268996,2.934094013
1,3,10,3,4,0.9536,21.09,9.566912192,2.923465201
1,3,11,3,4,0.8966,21.397,10.44960396,2.934437744
1,3,12,3,4,0.8457,22.001,11.25108202,3.134685052
1,3,13,3,4,0.8,22.246,12.15370177,3.133626641
1,3,14,3,4,0.7561,22.484,13.12075627,3.133766852
1,3,15,3,4,0.7161,22.691,14.10537094,3.128237154
1,3,5,4,7,1.83,27.466,6.263698981,2.856268109
1,3,6,4,7,1.745,28.48,6.649715996,3.268734892
1,3,7,4,7,1.677,29.298,6.993823394,3.601248942
1,3,8,4,7,1.568,30.407,7.77650025,3.921536037
1,3,9,4,7,1.466,31.128,8.829602329,3.918213722
1,3,10,4,7,1.377,31.735,9.868780126,3.903054208
1,3,11,4,7,1.273,32.288,11.29378973,3.79120382
1,3,12,4,7,1.208,32.802,12.24229282,3.830809646
1,3,13,4,7,1.15,33.265,13.17927233,3.865007112
1,3,14,4,7,1.096,33.682,14.14455898,3.886008324
1,3,15,4,7,1.047,34.063,15.10571962,3.904497933
1,3,6,5,7,1.624,29.71,7.42592451,3.650275248
1,3,7,5,7,1.515,30.989,8.194481103,4.09808751
1,3,8,5,7,1.438,31.893,8.851922838,4.384038256
1,3,9,5,7,1.368,32.694,9.560925747,4.600080108
1,3,10,5,7,1.303,33.398,10.33680422,4.745860289
1,3,11,5,7,1.242,34.023,11.17447403,4.839186882
1,3,12,5,7,1.186,33.996,12.2758832,4.485497507
1,3,13,5,7,1.133,34.472,13.17424951,4.523656118
1,3,14,5,7,1.084,34.905,14.0865566,4.551301699
1,3,15,5,7,1.039,35.302,15.00072847,4.574047971
1,3,7,6,7,1.453,32.308,8.288429842,4.933631327
1,3,8,6,7,1.39,33.28,8.687595244,5.418008826
1,3,9,6,7,1.328,33.58,9.744552183,5.10688501
1,3,10,6,7,1.267,34.255,10.53883452,5.225784608
1,3,11,6,7,1.21,34.879,11.37198235,5.317662377
1,3,12,6,7,1.156,35.444,12.26091497,5.373526618
1,3,13,6,7,1.105,35.711,13.30867377,5.218788507
1,3,14,6,7,1.059,36.178,14.21623464,5.256495615
1,3,15,6,7,1.016,36.606,15.14371086,5.282968267
1,3,2,1,7,3.859,18.862,1.07587554,1.07587554
1,3,3,1,7,3.405,19.998,1.444039887,1.444039887
1,3,4,1,7,3.128,21.173,1.799179244,1.799179244
1,3,5,1,7,2.875,21.889,2.095258088,2.095258088
1,3,6,1,7,2.628,22.825,2.474357139,2.474357139
1,3,7,1,7,2.413,23.399,3.638798269,1.977337008
1,3,8,1,7,2.226,23.911,4.57033453,1.725644147
1,3,9,1,7,2.064,24.266,5.401297358,1.538197857
1,3,10,1,7,1.924,24.933,6.146151998,1.585330691
1,3,11,1,7,1.798,25.055,6.927246061,1.400190335
1,3,12,1,7,1.687,25.396,7.678112542,1.355139813
1,3,13,1,7,1.587,25.872,8.442598825,1.385504361
1,3,14,1,7,1.497,25.987,9.190353464,1.284862198
1,3,15,1,7,1.417,26.231,9.936566158,1.25407913
1,4,3,2,3,2.137,13.118,3.043224107,1.887945474
1,4,4,2,3,1.85,13.911,4.011462421,1.942228703
1,4,5,2,3,1.637,14.424,4.975834052,1.918883736
1,4,6,2,3,1.467,14.997,5.870800647,2.010652565
1,4,7,2,3,1.329,15.256,6.837426244,1.949347723
1,4,8,2,3,1.213,15.569,7.779732418,1.956796193
1,4,9,2,3,1.116,15.982,8.689547411,2.040725302
1,4,10,2,3,1.033,16.218,9.632116658,2.04645599
1,4,11,2,3,0.9621,16.261,10.58225931,1.973401553
1,4,12,2,3,0.8998,16.589,11.50567544,2.04948678
1,4,13,2,3,0.8451,16.57,12.4533688,1.971340679
1,4,14,2,3,0.7966,16.708,13.38820174,1.974447728
1,4,15,2,3,0.7534,17.041,14.32047653,2.069681202
1,4,4,3,3,1.615,15.137,4.737715526,2.460549104
1,4,5,3,3,1.432,16.003,5.662335185,2.705714174
1,4,6,3,3,1.29,16.588,6.675521692,2.779197245
1,4,7,3,3,1.174,16.89,7.776113622,2.700033481
1,4,8,3,3,1.077,17.289,8.795987987,2.742392855
1,4,9,3,3,0.9939,17.626,9.834599181,2.770947113
1,4,10,3,3,0.9224,17.915,10.88068657,2.79210128
1,4,11,3,3,0.8602,18.165,11.93384492,2.80778402
1,4,12,3,3,0.8056,18.34,13.00313622,2.795623932
1,4,13,3,3,0.7577,18.835,13.99148047,2.971925107
1,4,14,3,3,0.7151,18.702,15.11389953,2.814097707
1,4,15,3,3,0.7107,19.155,15.14424469,3.048577465
1,4,5,4,3,1.309,17.173,6.030646252,3.434984357
1,4,6,4,3,1.199,17.604,7.074361733,3.369482705
1,4,7,4,3,1.108,18.147,7.939702293,3.500614817
1,4,8,4,3,1.03,18.561,8.860193807,3.552187676
1,4,9,4,3,0.9621,18.955,9.77142563,3.618316198
1,4,10,4,3,0.9029,19.707,10.45845144,3.998791557
1,4,11,4,3,0.8507,20.033,11.38254206,4.04251467
1,4,12,4,3,0.8044,20.325,12.30602131,4.080066018
1,4,13,4,3,0.7629,20.496,13.27701463,4.044195226
1,4,14,4,3,0.72,20.651,14.39865702,3.995699878
1,4,15,4,3,0.664,20.452,16.20230452,3.686003763
1,4,6,5,3,1.123,18.897,6.966351591,4.492482748
1,4,7,5,3,1.043,19.55,7.764777448,4.717704536
1,4,8,5,3,0.9397,20.093,9.405302268,4.571914007
1,4,9,5,3,0.8928,20.558,10.05552748,4.758833074
1,4,10,5,3,0.8492,20.435,11.1705421,4.376482385
1,4,11,5,3,0.8094,20.772,11.92198494,4.468675018
1,4,12,5,3,0.7729,20.977,12.75288239,4.46041119
1,4,13,5,3,0.7393,21.247,13.54180749,4.518596658
1,4,14,5,3,0.7083,21.494,14.34315965,4.567456989
1,4,15,5,3,0.6798,22.496,14.68993907,5.246430881
1,4,7,6,3,0.9607,20.457,8.505687892,5.241378662
1,4,8,6,3,0.9205,20.523,9.429879915,4.931391309
1,4,9,6,3,0.8821,20.914,9.982868889,5.086538698
1,4,10,6,3,0.8456,21.34,10.52304946,5.2860321
1,4,11,6,3,0.8076,22.514,10.23161878,6.553183623
1,4,12,6,3,0.7722,22.92,10.97796144,6.652021503
1,4,13,6,3,0.7399,23.301,11.72350509,6.746702433
1,6,14,6,8,2.311,40.097,14.23084721,5.812422386
1,6,15,6,8,2.215,40.633,15.22219785,5.851372774
1,6,2,1,8,5.771,20.879,2.880978479,0.065989391
1,6,3,1,8,5.498,22.075,3.35232035,0.361781365
1,6,4,1,8,5.172,23.277,3.921558318,0.62948921
1,6,5,1,8,4.728,24.24,4.771637159,0.690256606
1,6,6,1,8,4.358,25.058,5.597845419,0.741604789
1,6,7,1,8,4.037,25.737,6.42369156,0.768288843
1,6,8,1,8,3.753,26.34,7.2632915,0.788534797
1,6,9,1,8,3.508,26.994,8.109278653,0.852538354
1,6,10,1,8,3.293,27.499,8.940998293,0.878549898
1,6,11,1,8,3.099,27.934,9.782787604,0.891551702
1,6,12,1,8,2.925,28.228,10.60901335,0.867173756
1,6,13,1,8,2.769,28.545,11.44499139,0.863123979
1,6,14,1,8,2.626,28.852,12.29913473,0.863803117
1,6,15,1,8,2.497,29.131,13.1512742,0.863967406
1,6,3,2,8,5.385,24.183,3.432404881,1.338912095
1,6,4,2,8,4.733,25.404,4.753319341,1.237395559
1,6,5,2,8,4.408,26.066,5.505148787,1.229791943
1,6,6,2,8,4.123,26.974,6.242097793,1.374134772
1,6,7,2,8,3.856,28.199,7.01784314,1.675160693
1,6,8,2,8,3.609,28.754,7.867094589,1.668082955
1,6,9,2,8,3.382,29.353,8.747652741,1.699276382
1,6,10,2,8,3.176,30.066,9.655193236,1.796136718
1,6,11,2,8,2.99,30.554,10.57907489,1.811094483
1,6,12,2,8,2.822,30.761,11.4992103,1.727600106
1,6,13,2,8,2.674,31.139,12.41203545,1.733356998
1,6,14,2,8,2.541,31.098,13.27175108,1.593025367
1,6,15,2,8,2.421,31.445,14.17341809,1.612555834
1,6,4,3,8,4.495,27.188,5.120747495,1.950963003
1,6,5,3,8,4.254,28.252,5.651973784,2.248161543
1,6,6,3,8,4.054,29.201,6.131982489,2.526744688
1,6,7,3,8,3.845,30.235,6.688456669,2.832195998
1,6,8,3,8,3.619,30.996,7.505872869,2.89419515
1,6,9,3,8,3.377,31.668,8.534633606,2.86555891
1,6,10,3,8,3.167,32.268,9.533500502,2.853567608
1,6,11,3,8,2.983,32.822,10.50976184,2.857952273
1,6,12,3,8,2.824,33.042,11.47594853,2.732611849
1,6,13,3,8,2.68,33.5,12.4113888,2.749212347
1,6,14,3,8,2.55,33.914,13.34462882,2.762255606
1,6,15,3,8,2.431,33.811,14.28887036,2.561738397
1,6,5,4,8,4.211,29.939,4.749048026,3.844836447
1,6,6,4,8,3.779,31.058,6.671436893,3.309815074
1,6,7,4,8,3.531,31.259,7.861317612,2.894853812
1,6,8,4,8,3.328,32.893,8.442227575,3.564002064
1,6,9,4,8,3.14,33.652,9.348130289,3.643697479
1,6,10,4,8,2.956,33.959,10.46724208,3.443378689
1,6,11,4,8,2.873,34.545,10.89549398,3.626174747
1,6,12,4,8,2.718,35.075,11.91809307,3.623610492
1,6,13,4,8,2.579,35.402,12.95941315,3.54086668
1,6,14,4,8,2.453,35.83,13.9706222,3.539118305
1,6,15,4,8,2.339,36.222,14.97511921,3.539016152
1,6,6,5,6,2.839,27.228,7.896148195,3.563131396
1,6,7,5,6,2.652,28.089,8.780157604,3.762504724
1,6,8,5,6,2.535,28.751,9.360867005,3.966940764
1,6,9,5,6,2.428,29.434,9.922583214,4.201453201
1,6,10,5,6,2.325,30.617,10.24251569,4.85478086
1,6,11,5,6,2.226,31.193,10.93936007,4.992896215
1,6,12,5,6,2.132,31.706,11.69628706,5.083482112
1,6,13,5,6,2.044,32.166,12.48802826,5.144309095
1,6,14,5,6,1.959,32.583,13.33891498,5.177110735
1,6,15,5,6,1.88,32.963,14.20343415,5.199615971
1,6,7,6,6,2.579,29.136,8.780967413,4.4318075
1,6,8,6,6,2.487,30.55,8.476149574,5.62022177
1,6,9,6,6,2.389,31.345,8.806340812,6.077820806
1,6,10,6,6,2.289,32.036,9.410989489,6.3017077
1,6,11,6,6,2.192,32.65,10.16658775,6.39795735
1,6,12,6,6,2.1,32.203,11.78422874,5.387889742
1,6,13,6,6,2.012,33.705,11.87635473,6.443555422
1,6,14,6,6,1.931,34.166,12.75511045,6.450262402
1,6,15,6,6,1.854,34.952,13.38914446,6.81150659
1,7,2,1,6,6.488,16.84,2.453866273,0.43687127
1,7,3,1,6,5.979,18.037,3.000336499,0.714730038
1,7,4,1,6,5.286,18.982,3.915467984,0.745453058
1,7,5,1,6,4.765,19.737,4.757641524,0.782950884
1,7,6,1,6,4.342,20.427,5.584420882,0.838607529
1,7,7,1,6,3.982,20.979,6.417803997,0.865114627
1,7,8,1,6,3.68,21.293,7.21782156,0.826687953
1,7,9,1,6,3.68,21.293,7.21782156,0.826687953
1,7,10,1,6,3.173,22.065,8.921628327,0.849136697
1,7,11,1,6,2.969,22.396,9.770326805,0.862150122
1,7,12,1,6,2.788,22.691,10.62511985,0.872386296
1,7,13,1,6,2.627,23.091,11.51780936,0.92676728
1,7,14,1,6,2.482,23.323,12.38512556,0.930431079
1,7,15,1,6,2.352,23.636,13.2830588,0.967696083
1,7,3,2,6,5.59,19.765,3.325130879,1.408952803
1,7,4,2,6,4.915,21.011,4.389223121,1.523900464
1,7,5,2,6,4.458,21.887,5.280377332,1.60395025
1,7,6,2,6,4.084,22.619,6.15451269,1.665647118
1,7,7,2,6,3.719,23.277,7.179548191,1.688172412
1,7,8,2,6,3.427,23.852,8.148626791,1.723673514
1,7,9,2,6,3.184,24.316,9.088680858,1.742027788
1,7,10,2,6,2.975,24.927,10.01945222,1.845607272
1,7,11,2,6,2.804,25.31,10.88630568,1.87530555
1,7,12,2,6,2.638,25.65,11.83384677,1.888234133
1,7,13,2,6,2.491,25.955,12.77714866,1.899560006
1,7,14,2,6,2.36,26.229,13.71575049,1.909141008
1,7,15,2,6,2.243,26.243,14.61901438,1.827983579
1,7,4,3,5,4.149,20.307,4.502490456,2.438287595
1,7,5,3,5,3.878,21.372,4.825124475,2.952622905
1,7,6,3,5,3.517,22.159,5.92037888,2.912450325
1,7,7,3,5,3.223,22.842,6.930871145,2.930892216
1,7,8,3,5,2.977,23.431,7.913779732,2.956714237
1,7,9,3,5,2.765,23.667,8.974899912,2.808882556
1,7,10,3,5,2.581,24.084,9.951002255,2.818575711
1,7,11,3,5,2.42,24.397,10.93363048,2.797566216
1,7,12,3,5,2.278,24.721,11.90181594,2.804370632
1,7,13,3,5,2.154,25.014,12.84877958,2.814139247
1,7,14,3,5,2.037,25.65,13.80458463,2.998621361
1,7,15,3,5,1.936,25.921,14.76693577,3.015736414
1,7,5,4,5,3.5,22.736,5.582737114,3.467684105
1,7,6,4,5,3.236,23.399,6.559593495,3.431471197
1,7,7,4,5,3.019,24.137,7.346025805,3.586355887
1,7,8,4,5,2.835,24.712,8.160173151,3.654037501
1,7,9,4,5,2.672,25.656,8.747783754,4.063818233
1,7,10,4,5,2.508,26.167,9.717499923,4.079635154
1,7,11,4,5,2.351,26.617,10.78581372,4.064797776
1,7,12,4,5,2.111,26.542,12.93669361,3.5782346
1,7,13,4,5,1.991,26.888,14.03378255,3.592566123
1,7,14,4,5,1.876,27.702,15.10811787,3.872129487
1,7,15,4,5,1.787,28.002,16.12888883,3.896723833
1,7,6,5,5,2.959,24.522,7.474810282,3.790905281
1,7,7,5,5,2.742,25.308,8.448544262,3.939723812
1,7,8,5,5,2.555,26.433,9.178340697,4.437520495
1,7,9,5,5,2.396,27.08,10.15200471,4.547004128
1,7,10,5,5,2.257,27.655,11.12615478,4.637445823
1,7,11,5,5,2.134,28.194,12.09000027,4.731692523
1,7,12,5,5,2.022,28.074,13.34411966,4.374926443
1,7,13,5,5,1.92,28.463,14.3606368,4.415693768
1,7,14,5,5,1.827,28.811,15.3916429,4.445667752
1,7,15,5,5,1.74,28.952,16.51240136,4.36049533
1,7,7,6,5,2.571,26.842,8.713713692,4.924484726
1,7,8,6,5,2.422,27.652,9.479493562,5.209450733
1,7,9,6,5,2.285,27.815,10.75423991,4.858417125
1,7,10,6,5,2.157,28.417,11.72082414,4.980456437
1,7,11,6,5,2.04,28.939,12.74330584,5.056629983
1,7,12,6,5,1.933,29.219,13.8916622,4.970277798
1,7,13,6,5,1.835,29.624,14.97699264,5.005440278
1,7,14,6,5,1.76,29.99,15.86800438,5.068792446
1,7,15,6,5,1.842,31.128,14.03593849,6.254071239
1,9,2,1,5,7.854,14.787,2.378685527,0.541842514
1,9,3,1,5,7.051,15.791,3.022705635,0.708928163
1,9,4,1,5,6.296,16.776,3.772739975,0.867069586
1,9,5,1,5,5.626,17.303,4.608753028,0.83307987
1,9,6,1,5,5.068,18.03,5.468718498,0.924268731
1,9,7,1,3,3.04,12.997,6.830449511,0.910278779
1,9,8,1,3,2.754,13.219,7.747936701,0.914402537
1,9,9,1,3,2.517,13.553,8.689839049,0.971818327
1,9,10,1,3,2.406,13.719,9.197283106,1.001131907
1,9,11,1,3,2.148,13.733,10.49876242,0.933054189
1,9,12,1,3,2.002,13.941,11.43204285,0.9654119
1,9,13,1,3,1.874,14.129,12.37226455,0.994736741
1,9,14,1,3,1.761,14.236,13.29750342,0.999571454
1,9,15,1,3,1.661,14.328,14.21995106,1.002615423
1,9,3,2,3,4.809,13.118,3.041383747,1.889016781
1,9,4,2,3,4.163,13.911,4.010243578,1.942732473
1,9,5,2,3,3.682,14.51,4.94356355,1.979884252
1,9,6,2,3,3.301,14.988,5.87309082,2.004963592
1,9,7,2,3,2.99,15.385,6.80412608,2.025226801
1,9,8,2,3,2.73,15.569,7.776586959,1.957266781
1,9,9,2,3,2.511,15.834,8.715428218,1.963192657
1,9,10,2,3,2.325,16.062,9.649750085,1.968519478
1,9,11,2,3,2.165,16.408,10.56456547,2.044877898
1,9,12,2,3,2.025,16.415,11.51615487,1.967835836
1,9,13,2,3,1.901,16.57,12.45723141,1.971082349
1,9,14,2,3,1.792,16.708,13.39138991,1.974260069
1,9,15,2,3,1.695,17.041,14.32201105,2.069597134
1,9,4,3,3,3.634,15.137,4.736861945,2.460907482
1,9,5,3,3,3.222,16.003,5.662335185,2.705714174
1,9,6,3,3,2.902,16.411,6.769634483,2.638312193
1,9,7,3,3,2.642,16.89,7.773589531,2.700574956
1,9,8,3,3,2.423,17.526,8.70317731,2.903408223
1,9,9,3,3,2.236,17.88,9.747094391,2.933718303
1,9,10,3,3,2.076,17.915,10.87616553,2.792670641
1,9,11,3,3,1.935,18.165,11.93768692,2.807370306
1,9,12,3,3,1.813,18.34,12.99929734,2.795977147
1,9,13,3,3,1.705,18.531,14.05565005,2.805612345
1,9,14,3,3,1.609,18.702,15.11359978,2.814118903
1,9,15,3,3,1.599,19.155,15.14517008,3.048505391
1,9,5,4,3,2.944,17.173,6.037808644,3.431840999
1,9,6,4,3,2.698,17.861,6.861674549,3.643214851
1,9,7,4,3,2.493,18.147,7.939702293,3.500614817
1,9,8,4,3,2.317,18.561,8.863739536,3.551320493
1,9,9,4,3,2.165,18.955,9.769266552,3.618774501
1,9,10,4,3,2.031,19.707,10.46322132,3.997758782
1,9,11,4,3,1.914,20.033,11.38328799,4.042373174
1,9,12,4,3,1.81,20.325,12.30493389,4.08024813
1,9,13,4,3,1.717,20.496,13.27141341,4.045004618
1,9,14,4,3,1.62,20.651,14.39865702,3.995699878
1,9,15,4,3,1.494,20.452,16.20230452,3.686003763
1,9,6,5,3,2.527,18.897,6.964048025,4.493652673
1,9,7,5,3,2.346,19.55,7.772110845,4.714361703
1,9,8,5,3,2.114,20.093,9.408440569,4.570924522
1,9,9,5,3,2.009,20.558,10.05342558,4.759460175
1,9,10,5,3,1.911,20.435,11.16741414,4.377169682
1,9,11,5,3,1.821,20.772,11.92367648,4.468333612
1,9,12,5,7,3.558,33.996,12.2758832,4.485497507
1,9,13,5,7,3.4,34.472,13.16732371,4.525376655
1,9,14,5,7,3.253,34.905,14.07916311,4.552965748
1,9,15,5,7,3.116,35.302,15.00862485,4.572433618
1,9,7,6,7,4.358,32.308,8.294930418,4.930164726
1,9,8,6,7,4.17,33.28,8.687595244,5.418008826
1,9,9,6,7,3.983,33.558,9.766554799,5.082278205
1,9,10,6,7,3.801,34.255,10.53883452,5.225784608
1,9,11,6,7,3.629,34.879,11.37926766,5.314976035
1,9,12,6,7,3.467,35.444,12.26854042,5.370987541
1,9,13,6,7,3.316,35.711,13.30086489,5.221010092
1,9,14,6,7,3.177,36.178,14.21623464,5.256495615
1,9,15,6,7,1.655,36.606,34.14072213,3.478926185
1,10,2,1,7,9.648,18.862,2.551376042,0.317476713
1,10,3,1,7,8.514,19.998,3.500766207,0.349328393
1,10,4,1,7,7.821,21.173,4.233185557,0.564012307
1,10,5,1,7,7.188,21.889,4.983319805,0.603646437
1,10,6,1,7,6.57,22.779,5.864368238,0.711037765
1,10,7,1,7,6.033,23.399,6.751192979,0.736366788
1,10,8,1,7,5.564,23.911,7.653087262,0.743059716
1,10,9,1,7,5.16,24.266,8.537476422,0.715183865
1,10,10,1,7,4.809,24.933,9.495562615,0.815224585
1,10,11,1,7,4.496,25.055,10.36419844,0.736580506
1,10,12,1,7,4.217,25.396,11.30004783,0.745716714
1,10,13,1,7,3.968,25.981,12.32424217,0.845303149
1,10,14,1,7,3.744,25.987,13.20037827,0.760980215
1,10,15,1,7,3.542,26.386,14.21325771,0.812882532
1,10,3,2,7,8.329,22.101,3.620767328,1.290631767
1,10,4,2,7,7.855,22.993,4.096370691,1.491687759
1,10,5,2,7,7.289,24.141,4.737319933,1.763681893
1,10,6,2,7,6.638,25.067,5.714637296,1.808837399
1,10,7,2,7,6.119,25.837,6.627202365,1.855337257
1,10,8,2,7,5.678,26.35,7.539619909,1.818987041
1,10,9,2,7,5.294,26.611,8.446507574,1.705364293
1,10,10,2,7,4.957,27.375,9.338161674,1.845553951
1,10,11,2,7,4.657,27.796,10.24396856,1.850240048
1,10,12,2,7,4.391,28.356,11.15302879,1.93057321
1,10,13,2,7,4.152,28.704,12.06470209,1.934166972
1,10,14,2,7,3.937,28.766,12.95678821,1.836485079
1,10,15,2,7,3.743,29.313,13.8886254,1.941881329
1,10,4,3,7,7.38,25.002,4.178375608,2.565333075
1,10,5,3,7,6.886,26.115,4.774588447,2.861233035
1,10,6,3,7,6.292,27.06,5.910061704,2.792006229
1,10,7,3,7,5.819,27.69,6.957146911,2.684199593
1,10,8,3,7,5.423,28.371,7.890730044,2.708484003
1,10,9,3,7,5.081,28.913,8.816986435,2.700023367
1,10,10,3,7,4.781,29.438,9.721652813,2.718911113
1,10,11,3,7,4.515,29.426,10.6730073,2.49573347
1,10,12,3,7,4.277,30.674,11.47658702,2.920575993
1,10,13,3,7,4.066,30.737,12.39573613,2.77344278
1,10,14,3,7,3.875,31.11,13.27255015,2.796194679
1,10,15,3,7,3.7,31.447,14.15535556,2.812938093
1,10,5,4,6,5.849,25.047,5.093548172,3.565446158
1,10,6,4,6,5.337,26.23,6.116087889,3.754593446
1,10,7,4,6,4.946,27.076,7.11401483,3.803116601
1,10,8,4,6,4.616,27.814,8.066870358,3.861315661
1,10,9,4,6,4.335,28.115,9.139722402,3.657004532
1,10,10,4,6,4.086,28.657,10.05516608,3.696540227
1,10,11,4,6,3.719,29.025,11.7468625,3.487182872
1,10,12,4,6,3.545,29.459,12.58369489,3.547539193
1,10,13,4,6,3.384,29.849,13.44127747,3.592986397
1,10,14,4,6,3.236,30.772,14.18446063,3.945414391
1,10,15,4,6,3.099,31.113,15.07052002,3.976339712
1,10,6,5,6,4.732,27.228,7.89482913,3.563643242
1,10,7,5,6,4.42,28.089,8.780157604,3.762504724
1,10,8,5,6,4.225,28.751,9.360867005,3.966940764
1,10,9,5,6,4.047,29.434,9.920849635,4.202023446
1,10,10,5,6,3.875,30.617,10.24251569,4.85478086
1,10,11,5,6,3.71,31.193,10.93936007,4.992896215
1,10,12,5,6,3.553,31.706,11.69858892,5.08275448
1,10,13,5,6,3.406,32.166,12.49288243,5.14290615
1,10,14,5,6,3.265,32.583,13.33891498,5.177110735
1,10,15,5,6,3.133,32.963,14.20614303,5.198971466
1,10,7,6,6,4.299,29.136,8.777450216,4.433275728
1,10,8,6,6,4.145,30.55,8.476149574,5.62022177
1,10,9,6,6,3.982,31.345,8.803195834,6.07971983
1,10,10,6,6,3.816,32.036,9.401316653,6.307262954
1,10,11,6,6,3.654,32.65,10.16027109,6.401251843
1,10,12,6,6,3.499,33.203,11.00147136,6.433902087
1,10,13,6,6,3.354,33.705,11.87013851,6.446130234
1,10,14,6,6,3.218,34.166,12.75826857,6.449093646
1,10,15,6,6,3.091,34.592,13.65549263,6.449662335
1,12,2,1,6,11.12,16.84,2.455211456,0.436120277
1,12,3,1,6,10.25,18.037,3.000126201,0.71483678
1,12,4,1,6,9.062,18.982,3.91522472,0.745549368
1,12,5,1,6,8.168,19.737,4.758213582,0.782766443
1,12,6,1,6,7.444,20.427,5.583745466,0.83878989
1,12,7,1,6,6.827,20.979,6.416817805,0.865338831
1,12,8,1,6,6.309,21.293,7.21714575,0.826817298
1,12,9,1,6,5.841,21.692,8.070735168,0.834183102
1,12,10,1,6,5.439,22.065,8.922525625,0.849009296
1,12,11,1,6,5.09,22.396,9.769645229,0.862234871
1,12,12,1,6,4.78,22.691,10.62357616,0.872555517
1,12,13,1,6,4.503,23.091,11.51912284,0.926638209
1,12,14,1,6,4.255,23.323,12.38463558,0.930474004
1,12,15,1,6,4.031,23.532,13.25591985,0.932877479
1,12,3,2,6,9.582,19.765,3.326108699,1.408398462
1,12,4,2,6,8.426,21.011,4.388862779,1.5240603
1,12,5,2,6,7.642,21.887,5.280784264,1.603800705
1,12,6,2,6,7.001,22.619,6.154743781,1.6655756
1,12,7,2,6,6.375,23.277,7.180347218,1.687969534
1,12,8,2,4,4.378,18.481,8.215296998,1.822370287
1,12,9,2,4,4.195,18.966,8.6857899,1.978155342
1,12,10,2,4,3.755,19.117,10.11824509,1.857951524
1,12,11,2,4,3.505,19.388,11.07128225,1.876208604
1,12,12,2,4,3.308,19.627,11.92408049,1.900118496
1,12,13,2,4,3.113,19.652,12.86763532,1.834053697
1,12,14,2,4,2.941,20.081,13.82070186,1.944033642
1,12,15,2,4,2.786,19.999,14.75126705,1.850482423
1,12,4,3,4,6.151,17.941,4.294279811,2.696261043
1,12,5,3,4,5.551,18.643,5.288569717,2.676642122
1,12,6,3,4,5.086,19.326,6.117199096,2.787326597
1,12,7,3,4,4.697,20.1,6.85338731,3.023081766
1,12,8,3,4,4.363,20.372,7.810149232,2.905073527
1,12,9,3,4,4.071,20.781,8.677956447,2.933258039
1,12,10,3,4,3.815,21.09,9.56447856,2.923934423
1,12,11,3,4,3.586,21.397,10.45139675,2.934137877
1,12,12,3,4,3.383,22.001,11.25007064,3.134845953
1,12,13,3,4,3.2,22.246,12.15370177,3.133626641
1,12,14,3,4,3.024,22.484,13.12320594,3.133467254
1,12,15,3,4,2.865,22.691,14.10132613,3.128672831
1,12,5,4,4,4.917,20.067,6.158089036,3.267397525
1,12,6,4,4,4.552,20.631,7.03353356,3.30965993
1,12,7,4,4,4.181,21.234,8.065957795,3.369727142
1,12,8,4,4,3.871,22.139,8.884108703,3.724754955
1,12,9,4,4,3.605,22.652,9.88894161,3.793706493
1,12,10,4,4,3.373,23.099,10.90385078,3.845917763
1,12,11,4,4,3.168,23.492,11.93081474,3.885589457
1,12,12,4,4,2.949,23.802,13.23009043,3.852084573
1,12,13,4,4,2.793,23.647,14.38358325,3.604984796
1,12,14,4,4,2.657,23.914,15.35762939,3.637531363
1,12,15,4,4,2.533,24.166,16.33724678,3.670262273
1,12,6,5,4,4.229,21.676,7.592432689,3.831859601
1,12,7,5,4,3.829,22.78,8.674061737,4.240536904
1,12,8,5,4,3.6,23.418,9.454742745,4.445453027
1,12,9,5,4,3.397,23.51,10.56145427,4.193404266
1,12,10,5,4,3.217,23.979,11.3980223,4.307480522
1,12,11,5,4,3.055,24.29,12.30437085,4.317429326
1,12,12,5,4,2.91,24.668,13.15485729,4.397572027
1,12,13,5,4,2.778,25.015,14.01333442,4.467631219
1,12,14,5,4,2.689,25.339,14.60501703,4.575443442
1,12,15,5,4,2.539,26.347,15.49878615,5.083926023
1,12,7,6,4,3.648,23.81,8.826159804,4.984735777
1,12,8,6,4,3.465,24.017,9.816266635,4.774282232
1,12,9,6,4,3.297,24.493,10.5534975,4.8972792
1,12,10,6,4,3.135,25.03,11.3022077,5.077774301
1,12,11,6,4,2.98,26.326,11.46341661,6.068803971
1,12,12,6,4,2.833,26.768,12.42670592,6.113240767
1,12,13,6,4,2.696,27.082,13.50245998,6.049912932
1,12,14,6,4,2.571,27.461,14.49806598,6.090752702
1,12,15,6,4,2.455,27.78,15.53864841,6.095979301
1,2.5,2.5,1.5,6,2.158,18.445,2.869692619,0.984844938
1,2.5,3.5,1.5,6,1.879,19.544,3.936722944,0.998289665
1,2.5,4.5,1.5,6,1.715,20.478,4.685716355,1.144010348
1,2.5,5.5,1.5,6,1.574,21.269,5.457939835,1.248906202
1,2.5,6.5,1.5,6,1.434,22,6.378131613,1.314955423
1,2.5,7.5,1.5,6,1.317,22.545,7.294497653,1.333286552
1,2.5,8.5,1.5,6,1.214,22.711,8.2215883,1.218142112
1,2.5,9.5,1.5,6,1.128,23.314,9.151221886,1.308349852
1,2.5,10.5,1.5,6,1.053,23.425,10.03825465,1.223305991
1,2.5,11.5,1.5,6,0.987,23.768,10.95674446,1.241425897
1,2.5,12.5,1.5,6,0.9284,24.009,11.8683992,1.232741881
1,2.5,13.5,1.5,6,0.8758,24.753,12.88880472,1.413207542
1,2.5,14.5,1.5,6,0.8365,24.838,13.64534926,1.376062962
1,2.5,15.5,1.5,6,0.8018,25.211,14.43476384,1.449125994
1,2.5,3.5,2.5,6,1.832,21.403,3.717556559,2.093870847
1,2.5,4.5,2.5,6,1.701,22.471,4.239771349,2.414537663
1,2.5,5.5,2.5,6,1.537,23.246,5.373446883,2.278654069
1,2.5,6.5,2.5,6,1.407,23.971,6.348024346,2.282983855
1,2.5,7.5,2.5,6,1.299,24.266,7.34624661,2.116014245
1,2.5,8.5,2.5,6,1.206,24.795,8.268913929,2.133545315
1,2.5,9.5,2.5,6,1.126,25.781,9.119772881,2.41129802
1,2.5,10.5,2.5,6,1.058,26.012,10.0322372,2.331360601
1,2.5,11.5,2.5,6,0.9972,26.094,10.94263762,2.208674867
1,2.5,12.5,2.5,6,0.9425,26.44,11.83699575,2.225787283
1,2.5,13.5,2.5,6,0.8933,26.75,12.73417988,2.238839293
1,2.5,14.5,2.5,6,0.8488,27.355,13.63681234,2.387957423
1,2.5,15.5,2.5,6,0.8084,27.611,14.54533818,2.394018226
1,2.5,4.5,3.5,6,1.49,23.898,5.561131985,2.564100324
1,2.5,5.5,3.5,6,1.433,24.845,5.705182025,3.065694682
1,2.5,6.5,3.5,6,1.338,25.905,6.311093302,3.431931758
1,2.5,7.5,3.5,6,1.236,26.648,7.373421214,3.416151212
1,2.5,8.5,3.5,6,1.149,27.293,8.39946188,3.41883005
1,2.5,9.5,3.5,6,1.047,27.545,9.944210479,3.112410553
1,2.5,10.5,3.5,6,1.008,28.023,10.49318926,3.234171275
1,2.5,11.5,3.5,6,0.9501,28.449,11.47056848,3.243425541
1,2.5,12.5,3.5,6,0.8981,28.736,12.47017272,3.199247793
1,2.5,13.5,3.5,6,0.8515,29.078,13.44796016,3.205369056
1,2.5,14.5,3.5,6,0.8094,29.388,14.42622404,3.210287181
1,2.5,15.5,3.5,6,0.7712,29.673,15.40437773,3.215604416
1,2.5,5.5,4.5,6,1.329,26.41,6.034782078,3.92928653
1,2.5,6.5,4.5,6,1.233,27.361,6.959827414,4.073429115
1,2.5,7.5,4.5,6,1.104,27.836,8.907362164,3.567980043
1,2.5,8.5,4.5,6,1.042,28.501,9.732913847,3.699704262
1,2.5,9.5,4.5,6,0.9941,29.027,10.4485331,3.800009413
1,2.5,10.5,4.5,6,0.9496,29.574,11.16701943,3.924114597
1,2.5,11.5,4.5,6,0.9076,30.633,11.71714586,4.402094479
1,2.5,12.5,4.5,6,0.8681,31.097,12.52065414,4.473257629
1,2.5,13.5,4.5,6,0.8312,31.477,13.36583115,4.498950197
1,2.5,14.5,4.5,6,0.7967,31.892,14.207385,4.559240176
1,2.5,15.5,4.5,6,0.7645,32.237,15.07938456,4.585234901
1,2.5,6.5,5.5,6,1.112,28.25,8.575210192,3.93725436
1,2.5,7.5,5.5,6,1.068,28.992,9.005502255,4.246901485
1,2.5,8.5,5.5,6,1.026,29.747,9.442304524,4.57463493
1,2.5,9.5,5.5,6,0.9845,31.027,9.520699291,5.445512666
1,2.5,10.5,5.5,6,0.943,31.661,10.17427396,5.621007107
1,2.5,11.5,5.5,6,0.9029,32.222,10.93121466,5.715231139
1,2.5,12.5,5.5,6,0.8647,32.726,11.75138873,5.764676354
1,2.5,13.5,5.5,6,0.8287,33.184,12.60788673,5.791379028
1,2.5,14.5,5.5,6,0.7951,33.602,13.48248178,5.806506505
1,2.5,15.5,5.5,6,0.7637,33.987,14.37072596,5.815458224
1,2.5,7.5,6.5,6,1.042,30.699,8.038146507,6.01901693
1,2.5,8.5,6.5,6,1.003,31.569,7.920550874,6.907134282
1,2.5,9.5,6.5,6,0.9617,32.324,8.388582899,7.264908714
1,2.5,10.5,6.5,6,0.9214,32.995,9.227983772,7.275295117
1,2.5,11.5,6.5,6,0.8827,33.6,10.14516484,7.229090279
1,2.5,12.5,6.5,6,0.8461,34.152,11.07316562,7.186514704
1,2.5,13.5,6.5,6,0.8119,33.759,12.79295936,6.137204643
1,2.5,14.5,6.5,6,0.78,34.192,13.65414264,6.163201265
1,2.5,15.5,6.5,6,0.7503,34.594,14.52234748,6.184897442
1,4,2.5,1.5,3,2.413,11.866,2.726012639,1.25935998
1,4,3.5,1.5,3,2.065,12.661,3.595681423,1.357408254
1,4,4.5,1.5,3,1.76,13.308,4.667206528,1.388904034
1,4,5.5,1.5,3,1.587,13.77,5.438811735,1.451419612
1,4,6.5,1.5,3,1.383,14.069,6.633686449,1.39305503
1,4,7.5,1.5,3,1.252,14.464,7.579929076,1.451079966
1,4,8.5,1.5,3,1.15,14.646,8.47395239,1.436277166
1,4,9.5,1.5,3,1.059,14.858,9.413070218,1.444212426
1,4,10.5,1.5,3,1.034,15.15,9.702406954,1.546121262
1,4,11.5,1.5,3,0.9128,15.325,11.3203924,1.505551672
1,4,12.5,1.5,3,0.854,15.437,12.26745198,1.497526583
1,4,13.5,1.5,3,0.8023,15.479,13.20572078,1.468299296
1,4,14.5,1.5,3,0.7565,15.481,14.13377949,1.429742972
1,4,15.5,1.5,3,0.7156,15.815,15.12110853,1.522036872
1,4,3.5,2.5,3,1.848,14.141,3.868414354,2.159525303
1,4,4.5,2.5,3,1.657,14.989,4.528726054,2.446794907
1,4,5.5,2.5,3,1.476,15.609,5.527753672,2.485026887
1,4,6.5,2.5,3,1.322,15.945,6.673785251,2.373649867
1,4,7.5,2.5,3,1.201,16.313,7.701040623,2.372897776
1,4,8.5,2.5,3,1.101,16.637,8.709424327,2.383717925
1,4,9.5,2.5,3,1.018,17.131,9.637800308,2.520540517
1,4,10.5,2.5,3,0.9465,17.354,10.63505066,2.51539768
1,4,11.5,2.5,3,0.8834,17.356,11.68275357,2.407707601
1,4,12.5,2.5,3,0.8284,17.785,12.64023593,2.539446826
1,4,13.5,2.5,3,0.7799,17.7,13.67577007,2.416415607
1,4,14.5,2.5,3,0.7369,17.695,14.68073305,2.348499022
1,4,15.5,2.5,3,0.6985,17.975,15.65581931,2.423744228
1,4,4.5,3.5,3,1.44,16.086,5.529349568,2.814145685
1,4,5.5,3.5,3,1.349,16.937,5.7643228,3.364280723
1,4,6.5,3.5,3,1.189,17.308,7.393221696,3.063231006
1,4,7.5,3.5,3,1.096,18.044,8.177946846,3.361924432
1,4,8.5,3.5,3,1.016,18.185,9.279582932,3.206788457
1,4,9.5,3.5,3,0.9478,18.839,10.08484694,3.477244953
1,4,10.5,3.5,3,0.8878,18.792,11.20469973,3.260967089
1,4,11.5,3.5,3,0.8342,19.397,12.05358513,3.512386599
1,4,12.5,3.5,3,0.7864,19.681,13.03422053,3.557630093
1,4,13.5,3.5,3,0.7436,19.897,14.03787441,3.570841148
1,4,14.5,3.5,3,0.7052,20.091,15.04247761,3.582000537
1,4,15.5,3.5,3,0.6705,20.265,16.05001317,3.590652936
1,4,5.5,4.5,3,1.207,17.989,6.616065161,3.849942939
1,4,6.5,4.5,3,1.117,18.64,7.39062334,4.072910982
1,4,7.5,4.5,3,1.065,19.186,7.752663591,4.39462021
1,4,8.5,4.5,3,0.9732,19.768,8.990503847,4.435855714
1,4,9.5,4.5,3,0.8732,20.174,10.79498599,4.265509023
1,4,10.5,4.5,3,0.8286,20.531,11.59918491,4.356749128
1,4,11.5,4.5,3,0.7878,20.333,12.71347522,4.019893775
1,4,12.5,4.5,3,0.7505,20.594,13.56431271,4.068105892
1,4,13.5,4.5,3,0.7162,20.829,14.43205892,4.106264575
1,4,14.5,4.5,3,0.6851,20.948,15.33715967,4.074466663
1,4,15.5,4.5,3,0.6566,21.145,16.20242253,4.10547309
1,4,6.5,5.5,3,0.9988,19.705,8.524148764,4.544547316
1,4,7.5,5.5,3,0.9527,20.321,8.879848773,4.954703826
1,4,8.5,5.5,3,0.9086,20.329,9.888459942,4.619308699
1,4,9.5,5.5,3,0.8675,20.762,10.48847076,4.802297353
1,4,10.5,5.5,3,0.8291,21.045,11.2247547,4.836496332
1,4,11.5,5.5,3,0.7934,21.384,11.91965897,4.939061165
1,4,12.5,5.5,3,0.7604,22.469,11.96555581,5.852355377
1,4,13.5,5.5,3,0.7288,22.788,12.73506294,5.919150235
1,4,14.5,5.5,3,0.6987,23.09,13.54303341,5.975335411
1,4,15.5,5.5,3,0.6711,23.374,14.34775228,6.030487907
1,4,7.5,6.5,3,0.9278,20.638,9.121288968,5.150622747
1,4,8.5,6.5,3,0.8927,21.088,9.505359813,5.420212482
1,4,9.5,6.5,3,0.8535,21.57,10.03709712,5.6713257
1,4,10.5,6.5,3,0.8156,22.842,8.921183134,7.757177151
1,4,11.5,6.5,3,0.7812,23.314,9.627146836,7.868815475
1,4,12.5,6.5,3,0.7501,23.763,10.28101801,8.01820857
1,4,13.5,6.5,3,0.7191,24.147,11.19938316,7.954758461
1,4,14.5,6.5,3,0.6875,24.441,12.35508887,7.730239877
1,4,15.5,6.5,3,0.6581,23.656,14.6241888,6.212492605
1,6.5,2.5,1.5,2,3.007,9.398,2.591160605,1.413633132
1,6.5,3.5,1.5,2,2.544,10,3.453251354,1.470916237
1,6.5,4.5,1.5,2,2.205,10.513,4.292672234,1.549840433
1,6.5,5.5,1.5,2,1.943,10.853,5.177801731,1.561155728
1,6.5,6.5,1.5,2,1.733,11.121,6.079062869,1.56542984
1,6.5,7.5,1.5,2,1.555,11.263,7.046786914,1.522682702
1,6.5,8.5,1.5,2,1.407,11.431,8.018092408,1.515638946
1,6.5,9.5,1.5,2,1.286,11.68,8.96390031,1.563816063
1,6.5,10.5,1.5,2,1.184,11.799,9.924201786,1.558636891
1,6.5,11.5,1.5,2,1.097,11.815,10.88516405,1.51522705
1,6.5,12.5,1.5,2,1.022,12.017,11.83799178,1.563320088
1,6.5,13.5,1.5,2,0.9569,12.095,12.78877134,1.560555249
1,6.5,14.5,1.5,2,0.8996,12.072,13.73343676,1.518557993
1,6.5,15.5,1.5,2,0.8489,12.252,14.68743281,1.567627747
1,6.5,3.5,2.5,2,2.122,11.301,4.177004375,2.112272003
1,6.5,4.5,2.5,2,1.863,12.002,4.994109609,2.35392583
1,6.5,5.5,2.5,2,1.663,12.33,6.002677523,2.314722364
1,6.5,6.5,2.5,2,1.502,12.838,6.864784972,2.477895773
1,6.5,7.5,2.5,2,1.371,13.008,7.865821615,2.415043856
1,6.5,8.5,2.5,2,1.261,13.266,8.802085208,2.447279349
1,6.5,9.5,2.5,2,1.165,13.456,9.780822792,2.45000148
1,6.5,10.5,2.5,2,1.082,13.633,10.76172496,2.45989918
1,6.5,11.5,2.5,2,1.01,13.977,11.68481512,2.583087542
1,6.5,12.5,2.5,2,0.9468,14.151,12.66377522,2.609623271
1,6.5,13.5,2.5,2,0.8908,14.235,13.66932146,2.590782818
1,6.5,14.5,2.5,2,0.8409,14.381,14.6574395,2.61532974
1,6.5,15.5,2.5,2,0.7962,14.478,15.65777845,2.617435928
1,6.5,4.5,3.5,2,1.708,13.032,5.057406025,3.200021867
1,6.5,5.5,3.5,2,1.556,13.586,5.794464581,3.389915642
1,6.5,6.5,3.5,2,1.428,14.031,6.621007887,3.481493999
1,6.5,7.5,3.5,2,1.318,14.2,7.666778289,3.315540495
1,6.5,8.5,3.5,2,1.224,14.498,8.54019927,3.351987055
1,6.5,9.5,3.5,2,1.142,14.754,9.427137818,3.376896613
1,6.5,10.5,3.5,2,1.071,14.94,10.32871889,3.367144064
1,6.5,11.5,3.5,2,1.008,15.51,10.98955852,3.692698778
1,6.5,12.5,3.5,2,0.9519,15.695,11.88693516,3.702375434
1,6.5,13.5,3.5,2,0.9018,15.861,12.78240597,3.711278653
1,6.5,14.5,3.5,2,0.8567,16.01,13.67851697,3.718629464
1,6.5,15.5,3.5,2,0.816,16.146,14.57155705,3.726166013
1,6.5,5.5,4.5,2,1.406,14.571,6.127942725,4.238517526
1,6.5,6.5,4.5,2,1.335,15.101,6.18196616,4.834392118
1,6.5,7.5,4.5,2,1.262,15.539,6.641624317,5.090575471
1,6.5,8.5,4.5,2,1.186,15.907,7.491686042,5.057549554
1,6.5,9.5,4.5,2,1.115,16.221,8.404569171,4.999421203
1,6.5,10.5,4.5,2,1.051,16.493,9.314564828,4.954205527
1,6.5,11.5,4.5,2,0.9939,16.676,10.27155156,4.850158153
1,6.5,12.5,4.5,2,0.9604,16.414,11.20766455,4.39198934
1,6.5,13.5,4.5,2,0.901,16.583,12.32727427,4.335137751
1,6.5,14.5,4.5,2,0.8486,16.732,13.43029186,4.292257137
1,6.5,15.5,4.5,2,0.802,16.866,14.52144238,4.259893895
1,6.5,6.5,5.5,2,1.338,15.904,5.561578286,5.561578286
1,6.5,7.5,5.5,2,1.279,15.998,5.825542826,5.825542826
1,6.5,8.5,5.5,2,1.171,16.814,6.427695361,6.427695361
1,6.5,9.5,5.5,2,1.103,16.692,7.670435918,5.958124494
1,6.5,10.5,5.5,2,1.023,16.974,9.227337036,5.514605327
1,6.5,11.5,5.5,2,0.9448,17.206,10.75620934,5.246498923
1,6.5,12.5,5.5,2,0.8979,18.027,10.86593201,6.111219612
1,6.5,13.5,5.5,2,0.862,18.243,11.61248094,6.106603726
1,6.5,14.5,5.5,2,0.8283,17.795,13.09362806,5.269651644
1,6.5,15.5,5.5,2,0.7967,17.953,13.84571813,5.274705757
1,6.5,7.5,6.5,2,1.222,17.166,6.183655134,6.183655134
1,6.5,8.5,6.5,2,1.099,17.515,6.900898273,6.900898273
1,6.5,9.5,6.5,2,1.025,17.463,7.634734778,7.155639958
1,6.5,10.5,6.5,2,0.9872,17.788,8.16658776,7.239889843
1,6.5,11.5,6.5,2,0.9441,18.067,9.222065188,6.93028215
1,6.5,12.5,6.5,2,0.9026,18.317,10.1665777,6.766632513
1,6.5,13.5,6.5,2,0.8644,18.45,11.21407165,6.488046093
1,6.5,14.5,6.5,2,0.8292,18.658,12.04048146,6.445775929
1,6.5,15.5,6.5,2,0.7969,19.666,11.2703876,8.11535051
1,6.5,2.5,1.5,2,3.007,9.398,2.591160605,1.413633132
1,6.5,3.5,1.5,2,2.544,10,3.453251354,1.470916237
1,6.5,4.5,1.5,2,2.205,10.513,4.292672234,1.549840433
1,6.5,5.5,1.5,2,1.943,10.853,5.177801731,1.561155728
1,6.5,6.5,1.5,2,1.733,11.121,6.079062869,1.56542984
1,6.5,7.5,1.5,2,1.555,11.263,7.046786914,1.522682702
1,6.5,8.5,1.5,2,1.407,11.431,8.018092408,1.515638946
1,6.5,9.5,1.5,2,1.286,11.68,8.96390031,1.563816063
1,6.5,10.5,1.5,2,1.184,11.799,9.924201786,1.558636891
1,6.5,11.5,1.5,2,1.097,11.815,10.88516405,1.51522705
1,6.5,12.5,1.5,2,1.022,12.017,11.83799178,1.563320088
1,6.5,13.5,1.5,2,0.9569,12.095,12.78877134,1.560555249
1,6.5,14.5,1.5,2,0.8996,12.072,13.73343676,1.518557993
1,6.5,15.5,1.5,2,0.8489,12.252,14.68743281,1.567627747
1,6.5,3.5,2.5,2,2.122,11.301,4.177004375,2.112272003
1,6.5,4.5,2.5,2,1.863,12.001,4.994857238,2.352936183
1,6.5,5.5,2.5,2,1.663,12.33,6.002677523,2.314722364
1,6.5,6.5,2.5,2,1.502,12.838,6.864784972,2.477895773
1,6.5,7.5,2.5,2,1.371,13.008,7.865821615,2.415043856
1,6.5,8.5,2.5,2,1.261,13.266,8.802085208,2.447279349
1,6.5,9.5,2.5,2,1.165,13.456,9.780822792,2.45000148
1,6.5,10.5,2.5,2,1.082,13.633,10.76172496,2.45989918
1,6.5,11.5,2.5,2,1.01,13.977,11.68481512,2.583087542
1,6.5,12.5,2.5,2,0.9468,14.151,12.66377522,2.609623271
1,6.5,13.5,2.5,2,0.8908,14.235,13.66932146,2.590782818
1,6.5,14.5,2.5,2,0.8409,14.381,14.6574395,2.61532974
1,6.5,15.5,2.5,2,0.7962,14.478,15.65777845,2.617435928
1,6.5,4.5,3.5,2,1.708,13.032,5.057406025,3.200021867
1,6.5,5.5,3.5,2,1.556,13.586,5.794464581,3.389915642
1,6.5,6.5,3.5,2,1.428,14.031,6.621007887,3.481493999
1,6.5,7.5,3.5,2,1.318,14.2,7.666778289,3.315540495
1,6.5,8.5,3.5,2,1.224,14.498,8.54019927,3.351987055
1,6.5,9.5,3.5,2,1.142,14.754,9.427137818,3.376896613
1,6.5,10.5,3.5,2,1.071,14.94,10.32871889,3.367144064
1,6.5,11.5,3.5,2,1.008,15.51,10.98955852,3.692698778
1,6.5,12.5,3.5,2,0.9519,15.695,11.88693516,3.702375434
1,6.5,13.5,3.5,2,0.9018,15.861,12.78240597,3.711278653
1,6.5,14.5,3.5,2,0.8567,16.01,13.67851697,3.718629464
1,6.5,15.5,3.5,2,0.816,16.146,14.57155705,3.726166013
1,6.5,5.5,4.5,2,1.406,14.571,6.127942725,4.238517526
1,6.5,6.5,4.5,2,1.335,15.101,6.18196616,4.834392118
1,6.5,7.5,4.5,2,1.262,15.539,6.641624317,5.090575471
1,6.5,8.5,4.5,2,1.186,15.907,7.491686042,5.057549554
1,6.5,9.5,4.5,2,1.115,16.221,8.404569171,4.999421203
1,6.5,10.5,4.5,2,1.051,16.493,9.314564828,4.954205527
1,6.5,11.5,4.5,2,0.9939,16.676,10.27155156,4.850158153
1,6.5,12.5,4.5,2,0.9604,16.414,11.20766455,4.39198934
1,6.5,13.5,4.5,2,0.901,16.583,12.32727427,4.335137751
1,6.5,14.5,4.5,2,0.8486,16.732,13.43029186,4.292257137
1,6.5,15.5,4.5,2,0.802,16.866,14.52144238,4.259893895
1,6.5,6.5,5.5,2,1.338,15.904,5.561578286,5.561578286
1,6.5,7.5,5.5,2,1.279,15.998,5.825542826,5.825542826
1,6.5,8.5,5.5,2,1.171,16.814,6.427695361,6.427695361
1,6.5,9.5,5.5,2,1.103,16.692,7.670435918,5.958124494
1,6.5,10.5,5.5,2,1.023,16.974,9.227337036,5.514605327
1,6.5,11.5,5.5,2,0.9448,17.206,10.75620934,5.246498923
1,6.5,12.5,5.5,2,0.8979,18.027,10.86593201,6.111219612
1,6.5,13.5,5.5,2,0.862,18.243,11.61248094,6.106603726
1,6.5,14.5,5.5,2,0.8283,17.795,13.09362806,5.269651644
1,6.5,15.5,5.5,2,0.7967,17.953,13.84571813,5.274705757
1,6.5,7.5,6.5,2,1.222,17.166,6.183655134,6.183655134
1,6.5,8.5,6.5,2,1.099,17.515,6.900898273,6.900898273
1,6.5,9.5,6.5,2,1.025,17.463,7.634734778,7.155639958
1,6.5,10.5,6.5,2,0.9872,17.788,8.16658776,7.239889843
1,6.5,11.5,6.5,2,0.9441,18.067,9.222065188,6.93028215
1,6.5,12.5,6.5,2,0.9026,18.317,10.1665777,6.766632513
1,6.5,13.5,6.5,2,0.8644,18.45,11.21407165,6.488046093
1,6.5,14.5,6.5,2,0.8292,18.658,12.04048146,6.445775929
1,6.5,15.5,6.5,2,0.7969,19.666,11.2703876,8.11535051
1,8,2.5,1.5,4,5.662,14.181,2.823601905,1.15455083
1,8,3.5,1.5,4,5.102,15.075,3.399997912,1.367787582
1,8,4.5,1.5,4,4.507,15.83,4.259880849,1.433258309
1,8,5.5,1.5,4,3.984,16.347,5.248496773,1.399602614
1,8,6.5,1.5,4,3.576,16.927,6.184572052,1.460715386
1,8,7.5,1.5,4,3.24,17.334,7.139645759,1.470152633
1,8,8.5,1.5,4,2.961,17.578,8.093864398,1.434514926
1,8,9.5,1.5,4,2.724,17.863,9.050876093,1.437624099
1,8,10.5,1.5,4,2.522,18.109,10.00608974,1.440119286
1,8,11.5,1.5,4,2.374,18.306,10.80904846,1.447687262
1,8,12.5,1.5,4,2.194,18.494,11.92391146,1.435797075
1,8,13.5,1.5,4,2.06,18.525,12.85941954,1.386161846
1,8,14.5,1.5,4,1.991,18.956,13.45852797,1.515350696
1,8,15.5,1.5,4,1.835,19.1,14.83350865,1.495052488
1,8,3.5,2.5,4,4.673,16.694,3.424360123,2.354713759
1,8,4.5,2.5,4,4.114,17.668,4.469361681,2.416373499
1,8,5.5,2.5,4,3.691,18.383,5.468313557,2.438949849
1,8,6.5,2.5,4,3.359,18.808,6.466779075,2.361967099
1,8,7.5,2.5,4,3.069,19.28,7.451878374,2.370919864
1,8,8.5,2.5,4,2.829,19.873,8.365037923,2.493586258
1,8,9.5,2.5,4,2.624,20.231,9.326859967,2.503713082
1,8,10.5,2.5,4,2.445,20.327,10.33366757,2.397546294
1,8,11.5,2.5,4,2.29,20.593,11.28830741,2.404342147
1,8,12.5,2.5,4,2.153,20.83,12.24518451,2.410201179
1,8,13.5,2.5,4,2.032,21.002,13.19947046,2.397079529
1,8,14.5,2.5,4,1.923,21.193,14.15726853,2.401827055
1,8,15.5,2.5,4,1.825,21.367,15.1153838,2.406526967
1,8,4.5,3.5,4,3.706,18.862,5.109332757,2.908342103
1,8,5.5,3.5,4,3.4,19.469,5.994481603,2.927219953
1,8,6.5,3.5,4,3.067,20.334,7.040201438,3.111063616
1,8,7.5,3.5,4,2.794,20.858,8.207497474,3.093829603
1,8,8.5,3.5,4,2.575,21.338,9.28684604,3.122980024
1,8,9.5,3.5,4,2.392,22.095,10.21581611,3.374772162
1,8,10.5,3.5,4,2.236,22.477,11.25182674,3.403271347
1,8,11.5,3.5,4,2.101,22.812,12.27274195,3.427944295
1,8,12.5,3.5,4,1.983,23.109,13.27903178,3.449904042
1,8,13.5,3.5,4,1.878,23.374,14.28167812,3.46819375
1,8,14.5,3.5,4,1.783,23.182,15.38101731,3.249535715
1,8,15.5,3.5,4,1.696,23.122,16.43935058,3.125204657
1,8,5.5,4.5,4,3.044,20.818,6.856023018,3.506402014
1,8,6.5,4.5,4,2.904,21.806,6.877856623,4.245967604
1,8,7.5,4.5,4,2.595,22.145,8.782313137,3.758508536
1,8,8.5,4.5,4,2.374,23.069,9.894649274,4.068606004
1,8,9.5,4.5,4,2.235,23.562,10.79306482,4.171277891
1,8,10.5,4.5,4,2.11,23.537,11.93060128,3.913323034
1,8,11.5,4.5,4,2,23.909,12.843507,3.978471618
1,8,12.5,4.5,4,1.901,24.248,13.76055424,4.035585484
1,8,13.5,4.5,4,1.811,24.445,14.72490323,4.013669949
1,8,14.5,4.5,4,1.73,24.727,15.64139285,4.059160785
1,8,15.5,4.5,4,1.653,24.975,16.60582229,4.088017295
1,8,6.5,5.5,4,2.565,22.939,8.447611962,4.444253236
1,8,7.5,5.5,4,2.419,23.664,9.089357529,4.761215594
1,8,8.5,5.5,4,2.29,23.807,10.15499145,4.511556716
1,8,9.5,5.5,4,2.175,24.223,10.96633156,4.58169358
1,8,10.5,5.5,4,2.071,24.692,11.73097596,4.717136158
1,8,11.5,5.5,4,1.999,25.143,12.24177129,4.911614467
1,8,12.5,5.5,4,1.877,26.317,12.95614972,5.598361768
1,8,13.5,5.5,4,1.788,26.676,13.93626048,5.62635832
1,8,14.5,5.5,4,1.705,26.941,14.98713141,5.591113543
1,8,15.5,5.5,4,1.63,27.12,16.05384178,5.514957676
1,8,7.5,6.5,4,2.322,24.141,9.596596339,4.947925176
1,8,8.5,6.5,4,2.209,24.689,10.28268334,5.137190402
1,8,9.5,6.5,4,2.141,25.321,10.47292769,5.582921854
1,8,10.5,6.5,4,1.996,26.654,10.94877506,6.570696234
1,8,11.5,6.5,4,1.896,27.058,12.02881441,6.501048419
1,8,12.5,6.5,4,1.804,27.515,13.01699017,6.556030628
1,8,13.5,6.5,4,1.719,27.962,14.00761152,6.629441973
1,8,14.5,6.5,4,1.642,28.316,15.0449287,6.636457251
1,8,15.5,6.5,4,1.57,28.641,16.10869914,6.638059122
1,2,2.5,1.5,5,1.635,16.352,2.590338749,1.216660298
1,2,3.5,1.5,5,1.444,17.351,3.44358486,1.286920366
1,2,4.5,1.5,5,1.276,18.215,4.387760733,1.329302304
1,2,5.5,1.5,5,1.151,18.941,5.248161314,1.395550756
1,2,6.5,1.5,5,1.047,19.526,6.121484634,1.431368444
1,2,7.5,1.5,5,0.9594,19.918,7.003678014,1.410218746
1,2,8.5,1.5,5,0.8844,20.318,7.888734725,1.419368882
1,2,9.5,1.5,5,0.8198,20.661,8.777119756,1.424169043
1,2,10.5,1.5,5,0.7637,20.942,9.666066864,1.419824842
1,2,11.5,1.5,5,0.7146,21.205,10.55688898,1.421627294
1,2,12.5,1.5,5,0.6172,21.44,12.68342931,1.316880696
1,2,13.5,1.5,5,0.6333,21.473,12.30215888,1.359937618
1,2,14.5,1.5,5,0.5994,22.031,13.24282781,1.497536331
1,2,15.5,1.5,5,0.5688,22.054,14.10242442,1.443761112
1,2,3.5,2.5,5,1.302,19.144,3.880441859,2.063983134
1,2,4.5,2.5,5,1.167,20.038,4.846893472,2.11202639
1,2,5.5,2.5,5,1.067,20.806,5.675994745,2.212240735
1,2,6.5,2.5,5,0.9941,21.605,6.319142987,2.429099545
1,2,7.5,2.5,5,0.88,22.179,7.778886017,2.314276805
1,2,8.5,2.5,5,0.812,22.666,8.786025734,2.334467322
1,2,9.5,2.5,5,0.755,23.09,9.765763115,2.356126189
1,2,10.5,2.5,5,0.7063,23.465,10.7259405,2.378007766
1,2,11.5,2.5,5,0.6639,23.568,11.69169647,2.29073794
1,2,12.5,2.5,5,0.6258,23.861,12.64999789,2.306535842
1,2,13.5,2.5,5,0.592,24.134,13.60292074,2.324796905
1,2,14.5,2.5,5,0.563,24.326,14.51158981,2.321084072
1,2,15.5,2.5,5,0.5356,24.544,15.45988264,2.33256249
1,2,4.5,3.5,5,1.104,21.447,4.825479479,3.003663465
1,2,5.5,3.5,5,1.004,22.55,5.66940535,3.290126384
1,2,6.5,3.5,5,0.9957,22.634,5.757793702,3.30153839
1,2,7.5,3.5,5,0.8597,23.741,7.615998328,3.235021387
1,2,8.5,3.5,5,0.8031,24.237,8.527896744,3.245059398
1,2,9.5,3.5,5,0.7536,24.715,9.417497456,3.281833983
1,2,10.5,3.5,5,0.7096,25.514,10.18802987,3.552530109
1,2,11.5,3.5,5,0.6704,25.884,11.10309569,3.55783049
1,2,12.5,3.5,5,0.6351,26.233,12.01654656,3.571400398
1,2,13.5,3.5,5,0.6032,26.57,12.92748799,3.594875859
1,2,14.5,3.5,5,0.5742,26.855,13.84930264,3.602243309
1,2,15.5,3.5,5,0.5479,27.115,14.76839299,3.608949206
1,2,5.5,4.5,5,0.9222,23.565,6.487800637,3.577411059
1,2,6.5,4.5,5,0.862,24.338,7.225846044,3.771528188
1,2,7.5,4.5,5,0.7813,25.046,8.644260425,3.702703097
1,2,8.5,4.5,5,0.727,26.073,9.480613845,4.092389019
1,2,9.5,4.5,5,0.6802,26.647,10.51973969,4.154091094
1,2,10.5,4.5,5,0.6394,27.165,11.5480898,4.213693649
1,2,11.5,4.5,5,0.6035,27.639,12.56641279,4.272841594
1,2,12.5,4.5,5,0.5711,28.063,13.60248086,4.318569804
1,2,13.5,4.5,5,0.5417,27.871,14.83031959,4.00368456
1,2,14.5,4.5,5,0.5151,28.185,15.88270801,4.025937734
1,2,15.5,4.5,5,0.4908,28.469,16.94531741,4.043111677
1,2,6.5,5.5,5,0.7844,25.868,8.018000012,4.507953097
1,2,7.5,5.5,5,0.7328,26.689,8.904060744,4.727476793
1,2,8.5,5.5,5,0.6887,27.415,9.790961379,4.907888546
1,2,9.5,5.5,5,0.6503,28.07,10.67614649,5.064095512
1,2,10.5,5.5,5,0.6144,28.068,11.98211289,4.677304305
1,2,11.5,5.5,5,0.5813,28.55,13.00218648,4.740907642
1,2,12.5,5.5,5,0.551,28.802,14.12946304,4.661242656
1,2,13.5,5.5,5,0.5234,29.172,15.20073486,4.688733633
1,2,14.5,5.5,5,0.4983,29.507,16.27983029,4.710731796
1,2,15.5,5.5,5,0.4756,29.812,17.35392799,4.730359501
1,2,7.5,6.5,5,0.6935,27.796,9.284225214,5.408758347
1,2,8.5,6.5,5,0.6544,28.024,10.55835359,5.071526706
1,2,9.5,6.5,5,0.6177,28.682,11.49960348,5.231710179
1,2,10.5,6.5,5,0.5839,29.071,12.62647784,5.176107872
1,2,11.5,6.5,5,0.5529,29.564,13.69219497,5.2404456
1,2,12.5,6.5,5,0.5299,30.007,14.52963041,5.34313318
1,2,13.5,6.5,5,0.5417,31.218,13.12026186,6.61311148
1,2,14.5,6.5,5,0.4928,31.817,15.4575865,6.380961039
1,2,15.5,6.5,5,0.4757,32.209,16.24463755,6.474368242
1,3.5,2.5,1.5,8,3.306,22.366,3.104611116,0.636592415
1,3.5,3.5,1.5,8,2.933,23.802,4.188509476,0.745197066
1,3.5,4.5,1.5,8,2.747,24.895,4.827046981,0.965441393
1,3.5,5.5,1.5,8,2.55,25.586,5.595269306,0.976499734
1,3.5,6.5,1.5,8,2.365,26.669,6.436852096,1.169973722
1,3.5,7.5,1.5,8,2.196,27.251,7.312401611,1.161224694
1,3.5,8.5,1.5,8,2.048,27.875,8.196163745,1.197671161
1,3.5,9.5,1.5,8,1.918,28.413,9.079491674,1.22130735
1,3.5,10.5,1.5,8,1.803,28.905,9.964870359,1.245075517
1,3.5,11.5,1.5,8,1.698,29.34,10.87266754,1.25847917
1,3.5,12.5,1.5,8,1.65,29.903,11.37592484,1.399898033
1,3.5,13.5,1.5,8,1.519,30.074,12.69850661,1.272590882
1,3.5,14.5,1.5,8,1.441,30.388,13.6304631,1.274364815
1,3.5,15.5,1.5,8,1.37,30.674,14.56843946,1.274878038
1,3.5,3.5,2.5,8,2.942,25.718,3.879328041,1.869882263
1,3.5,4.5,2.5,8,2.743,26.84,4.555939761,2.069940697
1,3.5,5.5,2.5,8,2.495,27.837,5.674968342,2.020860718
1,3.5,6.5,2.5,8,2.306,28.66,6.634845132,2.032727053
1,3.5,7.5,2.5,8,2.151,29.396,7.526520983,2.072526246
1,3.5,8.5,2.5,8,2.021,30.296,8.347204304,2.243384129
1,3.5,9.5,2.5,8,1.908,30.948,9.172427366,2.315273511
1,3.5,10.5,2.5,8,1.806,31.276,10.02452767,2.249994072
1,3.5,11.5,2.5,8,1.714,31.766,10.86125311,2.282546648
1,3.5,12.5,2.5,8,1.629,31.763,11.71721536,2.111087884
1,3.5,13.5,2.5,8,1.548,32.893,12.61844691,2.438461235
1,3.5,14.5,2.5,8,1.473,32.958,13.54001987,2.312691307
1,3.5,15.5,2.5,8,1.403,33.286,14.48510367,2.310746571
1,3.5,4.5,3.5,8,2.603,28.595,4.558130833,3.097348819
1,3.5,5.5,3.5,8,2.43,29.557,5.468290855,3.08595469
1,3.5,6.5,3.5,8,2.24,30.732,6.507712101,3.202491669
1,3.5,7.5,3.5,8,2.088,31.598,7.50481521,3.226196474
1,3.5,8.5,3.5,8,1.96,32.357,8.441593182,3.265396806
1,3.5,9.5,3.5,8,1.848,33.033,9.359831155,3.302689699
1,3.5,10.5,3.5,8,1.75,33.638,10.25404713,3.339059071
1,3.5,11.5,3.5,8,1.662,33.826,11.21083261,3.172340801
1,3.5,12.5,3.5,8,1.582,34.299,12.10014819,3.191758176
1,3.5,13.5,3.5,8,1.509,34.73,12.99233642,3.206908358
1,3.5,14.5,3.5,8,1.443,35.126,13.87446209,3.221886375
1,3.5,15.5,3.5,8,1.383,35.358,14.75789066,3.173467394
1,3.5,5.5,4.5,8,2.179,31.241,6.818390263,3.342918929
1,3.5,6.5,4.5,8,2.055,32.325,7.510000901,3.645031577
1,3.5,7.5,4.5,8,2.009,32.214,8.017606714,3.354459172
1,3.5,8.5,4.5,8,1.885,33.731,8.71294751,3.937433819
1,3.5,9.5,4.5,8,1.777,34.465,9.691890342,3.977294065
1,3.5,10.5,4.5,8,1.681,35.116,10.66493467,4.007533902
1,3.5,11.5,4.5,8,1.595,35.543,11.67722641,3.934319536
1,3.5,12.5,4.5,8,1.516,36.06,12.66000241,3.947225951
1,3.5,13.5,4.5,8,1.444,36.529,13.64673435,3.956000961
1,3.5,14.5,4.5,8,1.378,36.957,14.63932935,3.961592727
1,3.5,15.5,4.5,8,1.337,37.39,15.27513258,4.05307748
1,3.5,6.5,5.5,8,2.003,33.636,7.253924228,4.621604166
1,3.5,7.5,5.5,8,1.893,34.316,8.291105001,4.493851655
1,3.5,8.5,5.5,8,1.794,35.194,9.116592492,4.656026442
1,3.5,9.5,5.5,8,1.703,35.806,10.08350871,4.62123392
1,3.5,10.5,5.5,8,1.619,36.483,11.004038,4.681564843
1,3.5,11.5,5.5,8,1.541,37.094,11.95820344,4.718711483
1,3.5,12.5,5.5,8,1.479,37.668,12.75567898,4.805621664
1,3.5,13.5,5.5,8,1.402,38.986,13.62619163,5.320033327
1,3.5,14.5,5.5,8,1.34,39.495,14.65172487,5.330669489
1,3.5,15.5,5.5,8,1.284,39.969,15.65524039,5.34867135
1,3.5,7.5,6.5,8,1.807,35.399,8.783688465,4.952695899
1,3.5,8.5,6.5,8,1.719,36.295,9.547860737,5.169256538
1,3.5,9.5,6.5,8,1.635,37.093,10.42442421,5.293397676
1,3.5,10.5,6.5,8,1.557,37.811,11.3508141,5.373490192
1,3.5,11.5,6.5,8,1.483,39.33,11.81961406,6.189762991
1,3.5,12.5,6.5,8,1.416,39.987,12.82603587,6.224965091
1,3.5,13.5,6.5,8,1.355,40.631,13.80049347,6.294003885
1,3.5,14.5,6.5,8,1.299,41.199,14.79275279,6.332299109
1,3.5,15.5,6.5,8,1.246,41.722,15.82149326,6.354316081
1,10,10,6,5,3.082,28.417,11.71648181,4.981702208
1,2,5,4,2,0.4832,13.848,5.140660263,4.011243827
1,1,6,2,5,0.5358,20.023,5.820556926,1.752234256
1,5,10,9,7,1.886,37.214,11.61116651,6.88817312
1,9,10,10,7,3.26,39.401,9.902305439,9.902305439
1,6,4,2,3,2.775,13.832,4.055043993,1.874701327
1,7,4,1,2,2.606,9.285,3.982151711,0.952901255
1,5,7,4,2,1.031,14.758,6.796049835,4.114354818
1,6,5,2,5,3.563,19.625,4.787132215,1.906774927
1,6,9,2,6,2.729,24.316,9.089376149,1.74189946
1,5,2,1,2,2.748,8.209,2.161431183,0.862879393
1,6,5,1,6,4.084,19.737,4.758213582,0.782766443
1,9,8,6,3,2.071,20.523,9.43121602,4.930922012
1,9,8,3,6,4.264,26.056,8.298110724,2.760962713
1,1,9,2,5,4.163,21.807,0.52626008,0.52626008
1,9,6,2,4,3.96,17.527,6.263948127,1.732655388
1,2,9,3,2,0.3688,14.033,9.132743425,2.903761029
1,3,3,3,7,2.259,23.683,4.443534984,1.670397313
1,6,6,3,2,1.415,13.323,6.281567137,2.984921698
1,6,5,2,7,4.374,24.141,4.735603214,1.764506841
1,6,10,9,6,2.074,34.38,9.232865055,8.697524918
1,10,5,3,7,6.886,26.115,4.774588447,2.861233035
1,2,4,3,5,1.186,20.419,4.41837374,2.555665387
1,8,9,1,7,4.128,24.226,8.529553258,0.70099841
1,5,10,6,7,2.112,34.255,10.53465092,5.227480109
1,8,9,4,2,1.435,15.426,8.528625971,4.148909804
1,8,5,3,4,3.701,18.643,5.287301432,2.677193014
1,6,9,7,7,2.56,34.714,9.891039988,5.841099262
1,7,3,1,4,4.805,13.663,3.119279948,0.769498777
1,2,5,4,3,0.6543,16.949,6.235764226,3.177671535
1,10,8,2,5,4.494,21.213,7.660715772,1.866039404
1,1,9,7,7,0.4266,34.714,9.895989844,5.838607937
1,3,9,5,2,0.5455,16.14,6.947545396,5.684286843
1,1,9,8,3,0.2073,23.406,8.248959831,8.248959831
1,9,8,1,7,5.008,23.911,7.652242841,0.743233518
1,8,7,6,7,3.874,32.308,8.293306252,4.931030269
1,10,5,3,2,2.601,12.812,5.457926927,2.836494742
1,5,8,1,5,2.322,18.868,7.277103293,0.919472823
1,4,10,7,2,0.616,17.98,7.610940545,7.610940545
1,10,1,1,7,9.909,17.387,2.221071023,-0.178346737
1,6,10,6,5,1.849,28.417,11.71901483,4.980975369
1,6,10,3,4,1.907,21.09,9.568534848,2.923152496
1,6,3,3,7,4.518,23.683,4.443534984,1.670397313
1,7,5,5,6,3.716,26.456,6.021036885,3.970742966
1,5,10,7,5,1.461,29.302,12.46637291,5.380174966
1,8,7,3,5,3.684,22.842,6.928495369,2.931738325
1,10,10,2,2,1.692,12.664,10.76988233,1.929186701
1,6,8,4,6,2.771,27.814,8.056688452,3.865471057
1,9,3,1,5,7.015,15.791,3.056760371,0.69402365
1,9,9,6,2,1.55,17.339,6.762586017,6.762586017
1,3,9,8,3,0.6219,23.406,8.248959831,8.248959831
1,1,4,4,5,0.5548,21.524,4.639391922,3.173739884
1,3,8,6,6,1.244,30.55,8.462674504,5.628031095
1,5,8,4,7,2.613,30.407,7.77927552,3.920253053
1,4,7,6,3,0.9607,20.457,8.505687892,5.241378662
1,10,10,9,3,1.905,23.721,9.267013243,8.739444601
1,3,5,4,6,1.755,25.047,5.088858448,3.568655713
1,2,2,1,4,1.589,12.697,2.337196152,0.634624883
1,3,9,6,5,0.9793,27.815,10.75390526,4.858524022
1,7,9,3,7,3.557,28.913,8.815622515,2.700415934
1,10,5,4,6,5.849,25.047,5.093548172,3.565446158
1,1,5,5,4,0.3808,20.837,6.828232622,3.531132127
1,2,9,6,5,0.6529,27.815,10.75273397,4.858898234
1,9,8,3,7,4.881,28.371,7.889749703,2.708812886
1,5,10,2,6,2.125,24.927,10.01945222,1.845607272
1,2,10,2,3,0.5167,16.218,9.627042178,2.047010024
1,4,10,9,6,1.383,34.38,9.175275538,8.750792817
1,5,7,3,4,1.957,19.894,6.957307166,2.859538229
1,2,5,3,5,1.108,21.219,4.947050658,2.782864205
1,10,7,4,2,2.063,14.758,6.786689991,4.11842605
1,9,10,1,2,1.638,10.514,9.87969022,1.010747972
1,2,8,7,7,0.8926,33.889,9.259663778,5.557934597
1,2,7,6,7,0.9685,32.308,8.293306252,4.931030269
1,4,9,3,4,1.357,20.781,8.677956447,2.933258039
1,3,9,1,7,1.548,24.226,8.529553258,0.70099841
1,9,9,2,4,3.146,18.966,8.686791602,1.978001061
1,7,5,2,2,1.966,11.453,5.50128339,1.852730407
1,1,5,2,6,0.6368,21.887,5.281353964,1.603591379
1,10,10,3,7,4.781,29.438,9.721652813,2.718911113
1,6,8,2,5,2.697,21.213,7.658024802,1.866610963
1,8,7,4,4,2.787,21.234,8.067905353,3.369147325
1,5,7,7,2,0.9414,17.23,6.178703239,6.178703239
1,4,6,3,3,1.29,16.588,6.675521692,2.779197245
1,4,8,3,6,1.895,26.056,8.29902194,2.760699932
1,10,10,8,4,2.384,27.83,10.61627856,7.959143098
1,8,4,2,4,4.455,16.371,4.209578232,1.743923926
1,4,10,7,7,1.631,35.454,10.65158993,6.016074804
1,7,9,7,3,1.502,22.528,7.897995119,7.897995119
1,8,5,2,5,4.751,19.622,4.787298357,1.905066557
1,6,5,4,3,1.963,16.949,6.234995186,3.177961031
1,9,9,7,3,1.931,22.528,7.89857942,7.89857942
1,4,4,1,4,2.398,14.333,3.956438011,0.807761474
1,8,9,8,3,1.658,23.406,8.25094993,8.25094993
1,2,10,1,5,0.7877,19.499,9.104562841,0.919826724
1,5,10,1,6,2.266,22.065,8.923782033,0.848830948
1,7,5,4,7,4.27,27.466,6.263698981,2.856268109
1,4,4,3,6,2.669,22.653,4.446813505,2.40286527
1,1,5,3,2,0.2601,12.812,5.457926927,2.836494742
1,9,9,4,6,3.901,28.115,9.14214296,3.656224159
1,7,5,5,6,3.716,26.456,6.021036885,3.970742966
1,9,10,5,6,3.487,30.617,10.2459389,4.853522452
1,8,8,3,3,2.154,17.289,8.795987987,2.742392855
1,2,9,6,5,0.6529,27.815,10.75273397,4.858898234
1,7,8,7,4,1.939,24.808,10.10053246,5.298002884
1,10,4,2,4,5.569,16.371,4.209131966,1.744102931
1,9,10,7,5,2.63,29.302,12.46447158,5.380719147
1,10,5,4,7,6.1,27.466,6.263698981,2.856268109
1,10,2,1,4,7.946,12.697,2.336490394,0.634956639
1,7,10,2,4,2.19,19.284,10.11288149,1.933426887
1,1,9,1,5,0.4264,19.208,8.188548939,0.920722511
1,6,5,3,3,2.148,16.003,5.662335185,2.705714174
1,8,9,2,5,3.33,21.807,8.560739586,1.965726306
1,1,10,6,4,0.2612,25.03,11.30662331,5.076494219
1,4,7,5,6,1.768,28.089,8.780157604,3.762504724
1,5,9,6,5,1.632,27.815,10.75624776,4.857775931
1,1,9,6,3,0.2205,20.914,9.985432651,5.085683486
1,9,2,1,4,7.151,12.697,2.336804076,0.634809168
1,2,8,8,3,0.4312,22.681,7.873271027,7.873271027
1,5,6,5,6,2.366,27.228,7.89482913,3.563643242
1,9,9,7,3,1.931,22.528,7.89857942,7.89857942
1,6,10,6,7,2.534,34.255,10.53883452,5.225784608
1,9,8,2,6,4.406,23.852,8.149034596,1.723585803
1,10,7,7,7,4.658,33.477,8.263582655,5.822017958
1,9,9,4,5,3.436,25.656,8.744473922,4.064997414
1,5,5,1,6,3.403,19.737,4.759014509,0.782508271
1,9,10,9,3,1.715,23.721,9.205008746,8.796199402
1,7,8,4,2,1.344,15.12,7.644033787,4.143876993
1,9,10,9,6,3.112,34.38,9.152536015,8.772092264
1,9,7,5,4,2.871,22.78,8.679267363,4.238704998
1,7,8,3,6,3.316,26.056,8.300193534,2.760362153
1,10,10,9,7,3.771,37.214,11.62069647,6.883548846
1,10,6,4,3,2.998,17.604,7.071754872,3.370347764
1,5,9,1,7,2.58,24.226,8.529553258,0.70099841
1,8,10,7,3,1.644,23.102,8.296309129,8.296309129
1,5,7,7,4,1.454,24.183,9.515021756,5.011827821
1,3,10,6,6,1.145,32.036,9.394851562,6.310984188
1,9,10,2,5,3.487,22.014,9.493564197,1.901577828
1,8,8,4,5,3.24,24.712,8.160173151,3.654037501
1,10,5,1,4,5.268,15.031,4.863016387,0.889287502
1,3,7,3,2,0.6472,13.472,7.335155872,2.829914589
1,9,7,5,3,2.346,19.55,7.772110845,4.714361703
1,3,3,2,3,1.603,13.118,3.041383747,1.889016781
1,5,10,1,7,2.404,24.993,9.510186581,0.836035864
1,1,6,5,4,0.3525,21.676,7.588058739,3.833532773
1,7,9,7,3,1.502,22.528,7.897995119,7.897995119
1,10,5,3,2,2.601,12.812,5.457926927,2.836494742
1,1,8,5,7,0.4792,31.893,8.858403046,4.381240842
1,6,8,3,6,2.843,26.056,8.296288352,2.761488441
1,7,9,8,7,2.868,35.487,10.46822297,6.128394916
1,7,5,1,2,2.204,9.643,5.012954778,0.972338751
1,5,9,2,6,2.274,24.316,9.090349639,1.741719819
1,1,10,7,3,0.2055,23.102,8.296309129,8.296309129
1,2,6,2,7,1.328,25.067,5.710890018,1.81031857
1,2,8,2,2,0.4028,12.326,8.645470152,1.919163686
1,1,3,1,3,0.5746,11.36,3.158306972,0.832311004
1,7,9,3,6,3.074,26.615,9.365862638,2.769644306
1,5,7,2,3,1.661,15.385,6.804858028,2.025085484
1,8,10,5,6,3.1,30.617,10.24251569,4.85478086
1,5,5,4,6,2.924,25.047,5.098219891,3.562255116
1,6,9,4,7,2.931,31.128,8.836719106,3.915446251
1,8,6,4,4,3.034,20.631,7.037087591,3.308378628
1,6,5,2,5,3.563,19.625,4.787132215,1.906774927
1,7,9,2,4,2.447,18.966,8.686219187,1.978089219
1,8,8,6,2,1.485,16.954,6.24817599,6.24817599
1,2,9,9,2,0.3006,19.381,7.890110078,7.890110078
1,8,3,1,4,5.492,13.663,3.118639667,0.769734441
1,6,9,5,6,2.428,29.434,9.922583214,4.201453201
1,3,6,5,3,0.8422,18.897,6.967732904,4.491781726
1,7,10,4,2,1.178,15.407,9.657957648,3.851109414
1,3,9,7,7,1.28,34.714,9.891039988,5.841099262
1,1,7,3,3,0.2935,17.086,7.687909523,2.842601621
1,3,8,5,4,0.8999,23.418,9.457033588,4.444706822
1,5,10,6,7,2.112,34.255,10.53465092,5.227480109
1,6,5,4,7,3.66,24.466,6.722951338,1.196355612
1,3,10,4,4,0.8432,23.099,10.90496319,3.845679982
1,10,10,1,4,3.318,16.743,9.225295425,0.975432455
1,5,7,6,6,2.149,29.136,8.78272553,4.431074105
1,7,7,4,7,3.913,29.289,6.999074923,3.593082175
1,5,5,4,6,2.924,25.047,5.098219891,3.562255116
1,9,3,2,5,6.514,17.754,3.287846177,1.585075629
1,5,10,8,2,0.7482,19.273,7.918488749,7.918488749
1,7,10,3,2,1.204,14.256,10.03174645,2.929211455
1,5,10,5,4,1.34,23.979,11.40435694,4.306029429
1,7,9,8,4,1.757,27.102,9.925561699,7.5794382
1,6,3,3,3,2.766,14.324,3.728695438,2.364349954
1,8,8,3,2,1.591,14.023,8.074194618,3.083988748
1,4,6,5,4,1.41,21.676,7.588058739,3.833532773
1,8,7,4,3,2.216,18.147,7.939702293,3.500614817
1,7,4,2,7,5.499,22.993,4.095317216,1.492233135
1,7,5,2,6,4.458,21.887,5.280377332,1.60395025
1,2,4,2,2,0.645,10.994,4.484838977,1.80074373
1,2,7,6,4,0.608,23.81,8.826159804,4.984735777
1,3,8,2,2,0.6042,12.436,8.617438909,1.981940556
1,4,3,1,2,1.794,8.877,3.007814344,0.954814432
1,3,10,1,7,1.443,24.933,9.493025823,0.815617762
1,4,4,1,2,1.489,9.319,3.978116216,0.970020088
1,1,8,1,4,0.3828,16.216,7.651228954,0.931136157
1,2,10,9,4,0.4539,28.648,11.01674668,8.654311986
1,5,8,6,3,1.151,20.523,9.422662909,4.933929361
1,3,5,2,4,1.482,17.074,5.182630622,1.787086284
1,5,6,6,4,1.606,22.992,8.362336708,4.51938198
1,2,9,4,3,0.481,18.955,9.773192317,3.617941376
1,3,11,11,7,1.003,41.125,10.92952491,10.92952491
1,4,9,7,8,1.905,37.331,9.656982854,5.829248033
1,7,11,6,4,1.738,26.326,11.46871078,6.066872323
1,4,10,10,3,0.7273,24.267,10.14106029,8.816926083
1,6,5,3,3,2.148,16.003,5.662335185,2.705714174
1,10,2,2,6,8.58,18.607,2.893925156,1.053040951
1,5,10,5,6,1.937,30.617,10.24867702,4.852516616
1,9,9,3,7,4.573,28.913,8.816632821,2.700125133
1,8,9,8,2,1.248,18.191,7.527962213,7.527962213
1,2,11,2,6,0.8011,25.31,10.8871056,1.875188346
1,6,7,3,8,3.845,30.235,6.688456669,2.832195998
1,6,10,8,2,0.8979,19.273,7.917959615,7.917959615
1,7,8,3,4,2.545,20.372,7.810626593,2.904947025
1,11,11,7,8,4.677,39.663,11.43793017,6.60166564
1,10,11,4,6,3.719,29.025,11.7468625,3.487182872
1,11,10,6,2,1.709,17.243,9.07264012,5.904963896
1,10,10,7,8,4.459,38.891,10.45434544,6.539778662
1,8,11,10,6,2.565,35.564,11.18019718,8.428361294
1,2,11,5,6,0.742,31.193,10.93936007,4.992896215
1,9,11,10,3,1.563,24.516,11.80697779,8.083683385
1,4,6,6,8,2.29,33.692,7.185799292,4.702750483
1,10,5,4,3,3.271,17.147,6.064021585,3.399655912
1,2,5,4,7,1.22,27.466,6.263698981,2.856268109
1,5,11,8,8,2.042,40.984,11.63993686,7.502080819
1,8,11,9,3,1.454,24.179,10.57006621,8.381245233
1,10,8,7,5,3.276,28.147,10.437912,5.204132582
1,10,11,7,2,1.471,18.298,7.991080201,7.991080201
1,10,9,6,8,4.893,36.092,9.783826399,4.92716881
1,6,11,4,8,2.873,34.545,10.89549398,3.626174747
1,7,9,9,7,2.751,36.392,10.99065901,6.556487843
1,8,9,4,5,3.054,25.656,8.745922043,4.064481365
1,3,9,9,6,1.078,34.494,8.636661453,8.636661453
1,6,8,7,5,1.966,28.147,10.43289478,5.205967297
1,6,8,4,5,2.43,24.712,8.160173151,3.654037501
1,10,8,4,8,5.547,32.893,8.441011893,3.564496261
1,8,8,2,2,1.611,12.326,8.646920695,1.919024706
1,10,10,4,6,4.086,28.657,10.05516608,3.696540227
1,8,9,2,8,4.51,29.353,8.745590062,1.699794799
1,3,10,6,7,1.267,34.255,10.53883452,5.225784608
1,8,5,4,3,2.617,17.173,6.03709291,3.432154677
1,10,11,7,2,1.471,18.298,7.991080201,7.991080201
1,7,9,6,5,2.285,27.815,10.75423991,4.858417125
1,9,10,9,2,1.294,19.075,8.228807753,8.228807753
1,5,7,3,8,3.204,30.235,6.689372376,2.83177554
1,9,8,2,3,2.73,15.569,7.776586959,1.957266781
1,2,4,3,5,1.186,20.419,4.41837374,2.555665387
1,11,8,4,6,5.08,27.814,8.057349915,3.865200741
1,9,10,6,3,1.903,21.34,10.51814051,5.287618064
1,11,9,5,8,5.612,34.877,9.403732149,4.333154788
1,6,6,4,2,1.336,14.305,6.011718564,4.009405064
1,5,10,2,7,2.478,27.375,9.341020963,1.844951263
1,2,9,7,7,0.8533,34.714,9.892277878,5.840475933
1,11,9,3,2,2.028,14.296,8.987343711,3.113679689
1,10,11,2,7,4.657,27.796,10.24396856,1.850240048
1,7,11,2,2,1.185,12.818,10.73507547,2.010983632
1,11,10,9,5,3.02,32.091,11.56975473,8.088064164
1,3,10,8,8,1.281,40.13,10.7608266,7.327543645
1,3,9,2,6,1.364,24.316,9.09424455,1.741001468
1,5,4,4,8,3.774,28.024,4.660638096,2.676941821
1,9,5,4,3,2.944,17.173,6.037808644,3.431840999
1,11,11,3,3,2.366,18.165,11.93070253,2.808122629
1,4,9,8,8,1.79,39.2,9.909895453,7.107435382
1,8,7,7,3,1.861,20.676,9.00453179,5.233673721
1,8,11,9,7,2.926,37.996,11.92708968,7.352375944
1,8,11,6,5,2.332,28.939,12.73745169,5.058122473
1,2,7,5,6,8.84,28.089,0.627133116,0.627133116
1,2,8,3,4,0.7272,20.372,7.809480938,2.905250658
1,5,4,3,3,2.019,15.137,4.736178971,2.461194343
1,8,8,3,2,1.591,14.023,8.074194618,3.083988748
1,6,10,7,8,2.676,38.891,10.44588094,6.544432816
1,5,11,4,3,1.063,20.033,11.38925648,4.041241835
1,4,8,5,7,1.917,31.893,8.855973495,4.382289105
1,10,5,2,6,6.368,21.887,5.281353964,1.603591379
1,2,11,11,2,0.2638,20.647,9.068044531,9.068044531
1,8,4,2,7,6.248,22.993,4.16226172,1.45799425
1,8,6,5,5,3.382,24.522,7.473179381,3.791584446
1,9,4,4,6,5.461,23.97,5.238165431,2.766953304
1,4,4,3,7,2.952,24.999,4.180677125,2.561950894
1,4,11,8,7,1.503,36.966,11.97248783,6.533840366
1,10,7,6,7,4.843,32.308,8.290381111,4.932590105
1,9,8,3,7,4.881,28.371,7.889749703,2.708812886
1,4,8,6,5,1.384,27.652,9.479493562,5.209450733
1,8,11,2,4,2.337,19.565,11.06522911,1.954560679
1,8,7,3,7,4.655,27.69,6.957828835,2.683931905
1,9,11,10,7,3.13,40.223,10.40865528,10.40865528
1,8,8,2,4,2.919,18.481,8.213936847,1.822584194
1,10,9,8,8,4.475,39.2,9.909895453,7.107435382
1,11,9,6,3,2.426,20.914,9.980771031,5.08723894
1,8,6,5,7,4.33,29.71,7.429083735,3.648821365
1,2,7,2,6,1.062,23.277,7.185941768,1.686550275
1,7,6,6,4,2.248,22.992,8.366192967,4.517817842
1,7,11,9,7,2.56,37.996,11.93090544,7.350442952
1,8,10,9,6,2.766,34.38,9.175275538,8.750792817
1,8,11,8,6,2.753,34.132,10.38563288,7.567726488
1,6,11,9,7,2.194,37.996,11.93598926,7.347870045
1,2,5,4,2,0.4832,13.848,5.140660263,4.011243827
1,5,11,7,5,1.39,29.842,13.39500695,5.503406415
1,4,5,5,5,1.843,23.623,6.457183082,3.632406911
1,8,6,4,3,2.399,17.861,6.856113988,3.64536963
1,11,9,6,3,2.426,20.914,9.980771031,5.08723894
1,8,5,4,6,4.679,25.047,5.094717779,3.564646673
1,11,10,3,4,3.497,21.09,9.564847265,2.923863317
1,3,5,4,3,0.9814,16.949,6.236533198,3.177382155
1,6,7,4,7,3.354,29.298,6.993823394,3.601248942
1,5,6,4,4,1.896,20.631,7.039219588,3.307610749
1,7,9,5,8,3.571,34.877,9.405527904,4.332408158
1,11,10,9,8,4.504,41.268,11.11601441,8.050131508
1,10,6,3,8,6.757,29.201,6.131172347,2.527127681
1,6,5,4,8,4.211,29.939,4.749048026,3.844836447
1,10,11,8,7,3.758,36.966,11.9681329,6.535733038
1,2,4,2,3,0.925,13.832,4.055043993,1.874701327
1,8,7,2,5,3.907,20.718,6.742530286,1.841294389
1,4,11,3,4,1.195,21.397,10.45587984,2.933388541
1,10,10,4,4,2.811,23.099,10.90273842,3.846155592
1,10,11,11,2,1.319,20.647,9.068044531,9.068044531
1,10,4,4,7,6.715,26.288,5.151652433,2.739953595
1,4,7,4,2,0.8251,14.758,6.789031775,4.117405939
1,5,8,2,5,2.247,21.213,7.660715772,1.866039404
1,3,10,5,2,0.5034,16.357,8.692201961,5.034092085
1,5,7,3,7,2.91,27.69,6.954418945,2.68527097
1,3,7,6,3,0.7205,20.457,8.506569474,5.240974078
1,10,11,8,4,2.267,28.405,11.65455975,7.992413573
1,7,10,8,5,2.098,31.238,8.918536152,8.918536152
1,10,11,2,3,2.405,16.261,10.58369235,1.973273676
1,10,11,9,4,2.162,28.17,13.62412924,6.929478236
1,2,8,4,5,0.8099,24.712,8.162421196,3.653248181
1,10,3,3,5,6.438,19.247,3.970466935,2.076279042
1,2,9,5,5,0.6846,27.08,10.15109895,4.547296433
1,3,9,2,5,1.249,21.807,8.558149552,1.966209361
1,6,8,2,3,1.82,15.569,7.776586959,1.957266781
1,9,4,2,6,6.319,21.011,4.389703553,1.523687395
1,9,6,5,7,4.871,29.71,7.430136487,3.648337178
1,5,4,3,4,2.563,17.827,4.396008112,2.560286202
1,4,10,8,3,0.7979,24.082,8.626304554,8.626304554
1,8,10,8,3,1.596,24.082,8.625223563,8.625223563
1,3,11,7,7,1.169,25.868,12.55956391,0.780260871
1,2,6,3,5,1.005,22.17,5.911858764,2.923138037
1,3,11,6,6,1.096,32.65,10.16658775,6.39795735
1,7,10,7,4,1.752,26.905,10.46316468,7.052526993
1,11,10,9,6,3.803,34.38,9.192313089,8.734933683
1,5,5,3,3,1.79,16.003,5.662335185,2.705714174
1,4,6,3,3,1.29,16.588,6.675521692,2.779197245
1,6,10,3,8,3.167,32.268,9.533500502,2.853567608
1,7,8,6,6,2.902,30.55,8.47038227,5.62356034
1,10,5,2,2,2.808,11.453,5.503156516,1.852353824
1,2,11,2,3,0.481,16.261,10.58369235,1.973273676
1,7,11,2,5,2.535,22.336,10.42004384,1.910117326
1,8,6,6,2,1.655,15.569,5.507799908,5.507799908
1,6,9,6,3,1.323,20.914,9.985432651,5.085683486
1,7,8,5,8,3.776,34.073,8.505057668,4.236438472
1,7,8,4,6,3.232,27.814,8.061884534,3.863348963
1,2,9,2,8,1.127,29.353,8.751779019,1.698239997
1,4,10,8,7,1.569,36.262,11.17926702,6.36722652
1,6,3,2,2,2.276,10.438,3.433269156,1.771678368
1,10,6,4,3,2.998,17.604,7.071754872,3.370347764
1,9,7,7,7,4.193,33.477,8.256012948,5.826900214
1,9,9,7,8,4.287,37.331,9.651102222,5.832419388
1,10,10,7,8,4.459,38.891,10.45434544,6.539778662
1,2,10,10,4,0.4326,28.272,13.5029626,7.061906629
1,6,6,5,6,2.839,27.228,7.896148195,3.563131396
1,5,9,7,8,2.382,37.331,9.646392154,5.834962715
1,2,9,7,5,0.6185,28.866,11.33891978,5.417085521
1,7,10,7,2,0.462,17.98,31.40628209,4.111440455
1,3,10,2,6,1.275,24.927,10.01945222,1.845607272
1,11,10,5,2,1.845,16.912,7.071489439,6.751774795
1,4,11,8,3,0.7606,23.527,10.31153955,7.695232332
1,9,9,6,7,3.983,33.558,9.766554799,5.082278205
1,3,9,2,6,1.364,24.316,9.09424455,1.741001468
1,9,9,4,4,2.704,22.652,9.887261,3.794122066
1,6,4,3,8,4.495,27.188,5.120747495,1.950963003
1,4,9,2,5,1.665,21.807,8.560739586,1.965726306
1,11,5,3,4,5.088,18.8,5.181631199,2.830329118
1,6,11,4,4,1.584,23.492,11.93081474,3.885589457
1,6,9,5,3,1.339,20.558,10.05868018,4.757893121
1,8,7,4,8,4.708,31.259,7.861317612,2.894853812
1,10,10,10,8,3.937,42.284,11.53522728,8.659842052
1,7,7,6,7,3.39,32.308,8.291217081,4.932144193
1,8,8,2,2,1.611,12.326,8.646920695,1.919024706
1,11,5,3,2,2.861,12.812,5.458379529,2.836332054
1,6,10,4,2,1.01,15.407,9.653119858,3.852125685
1,5,10,9,4,1.135,28.648,11.00344194,8.663283898
1,7,10,9,4,1.589,28.648,11.00344194,8.663283898
1,9,11,11,6,2.778,36.311,11.71587907,8.821123839
1,3,9,2,5,1.249,21.807,8.558149552,1.966209361
1,11,10,7,3,2.26,23.102,8.298144596,8.298144596
1,3,7,7,8,1.55,35.443,8.728610482,5.011003689
1,9,11,8,4,2.04,28.405,11.66082907,7.989033516
1,3,7,6,2,0.5882,16.111,5.855192658,5.855192658
1,11,11,3,5,3.803,24.397,10.93300893,2.79767197
1,4,8,8,8,1.904,37.472,9.537106004,5.99760292
1,7,9,8,6,2.614,33.562,8.209478838,8.209478838
1,3,6,3,8,2.027,29.201,6.131982489,2.526744688
1,8,10,4,2,1.347,15.407,9.648887646,3.853015842
1,10,10,6,4,2.612,25.03,11.30662331,5.076494219
1,3,8,2,7,1.703,26.35,7.542675556,1.818129539
1,6,5,3,6,3.619,23.668,5.481439795,2.468229158
1,11,7,2,5,5.371,20.851,6.724482144,1.911298005
1,8,11,6,4,1.987,26.326,11.45878276,6.070496667
