Relay Height,Gain,Delay,Time Constant,Actual A ,Noisy A,Time period,Estimated T,Estimated D,Estimated T(N),Estimated D(N)
1,1,2,1,0.854,0.864,5.248,0.923701179,1.926023199,0.904174306,1.934910434
1,1,2,1.5,0.7362,0.7298,5.656,1.270300224,1.968946934,1.286998196,1.963413175
1,1,2,2,0.6316,0.631,5.96,1.660461567,1.982308636,1.662555418,1.981793916
1,1,2,2.5,0.5482,0.546,6.194,2.06666013,1.987243318,2.076877495,1.985356956
1,1,2,3,0.4866,0.4788,6.379,2.455007712,1.992830894,2.50177759,1.986109647
1,1,2,3.5,0.4351,0.4414,6.53,2.858359195,1.994904695,2.812124538,2.000381726
1,1,2,4,0.3934,0.4039,6.655,3.260493846,1.996404536,3.166654675,2.005601659
1,1,2,4.5,0.3586,0.3687,6.76,3.66561608,1.997123086,3.55641833,2.006028543
1,1,2,5,0.3277,0.3446,6.85,4.093436919,1.996236416,3.878049693,2.011239464
1,1,2,5.5,0.3047,0.334,6.927,4.47324947,1.998116345,4.055775483,2.024324919
1,1,2,6,0.2834,0.3033,6.995,4.876527965,1.998589275,4.539276058,2.016470592
1,1,2,6.5,0.2648,0.286,7.055,5.281217455,1.998935421,4.871302578,2.01808472
1,1,2,7,0.2484,0.2704,7.108,5.687558988,1.999075483,5.205659518,2.019041499
1,1,2,7.5,0.234,0.2566,7.155,6.091004906,1.999177334,5.534848246,2.019776398
1,1,2,8,0.2211,0.2445,7.197,6.496362098,1.999117444,5.854235928,2.020529946
1,1,2,8.5,0.2096,0.2358,7.236,6.900772387,1.999396679,6.111286874,2.023466064
1,1,2,9,0.1991,0.2236,7.271,7.30976299,1.999399065,6.487482781,2.021980139
1,1,2,9.5,0.1898,0.2145,7.303,7.710481624,1.999607986,6.801084142,2.022446053
1,1,2,10,0.1811,0.2063,7.332,8.121233403,1.999488862,7.107265139,2.022857059
1,1,2,10.5,0.1733,0.1987,7.359,8.525420211,1.99960641,7.413498302,2.023225017
1,1,2,11,0.1656,0.1918,7.383,8.958265181,1.998957826,7.71180623,2.023379326
1,1,2,11.5,0.1595,0.1853,7.406,9.335646907,1.999491441,8.013381151,2.023598225
1,1,2,12,0.1534,0.1819,7.428,9.741537391,1.999723958,8.190633239,2.026419212
1,1,2,12.5,0.1478,0.1758,7.447,10.14184598,1.999589275,8.502348506,2.025867364
1,1,2,13,0.1425,0.1678,7.466,10.55096068,1.999712269,8.938146158,2.023501171
1,1,2,13.5,0.1373,0.1628,7.483,10.98048063,1.99937201,9.238425605,2.023391866
1,1,2,14,0.1331,0.1593,7.499,11.35521306,1.999687666,9.464935329,2.024410865
1,1,2,14.5,0.1288,0.1587,7.515,11.76347308,1.999893388,9.521559633,2.028162112
1,1,2,15,0.1248,0.1565,7.529,12.16696846,1.999835763,9.675497675,2.029853938
1,1,2,15.5,0.1201,0.1542,7.542,12.66948025,1.998837232,9.838970828,2.031174153
1,1,2,16,0.1175,0.1504,7.555,12.97464098,1.999816456,10.10860982,2.031060672
1,1,2,16.5,0.1141,0.1467,7.567,13.38576469,1.99976351,10.38359377,2.030762909
1,1,2,17,0.1108,0.1426,7.579,13.80948335,1.999796199,10.70304614,2.030073811
1,1,2,17.5,0.108,0.1384,7.589,14.18890067,1.999768791,11.04646964,2.028743655
1,1,2,18,0.1052,0.1345,7.6,14.59037064,1.999998017,11.38703244,2.027957789
1,1,2,18.5,0.1024,0.1304,7.609,15.00978518,1.999694391,11.76295145,2.026438433
1,1,2,19,0.09978,0.1309,7.619,15.42668894,1.999819331,11.73294281,2.02958036
1,1,2,19.5,0.09742,0.1339,7.628,15.82134928,1.999924595,11.48077404,2.034853908
1,1,2,20,0.0951,0.1366,7.636,16.22656259,1.999801255,11.26308452,2.039579811
1,2,2,1,1.729,1.68,5.247,0.903032736,1.934988302,0.951318205,1.913357957
1,2,2,1.5,1.472,1.428,5.656,1.270818732,1.968773641,1.329189373,1.949852095
1,2,2,2,1.263,1.228,5.96,1.660810311,1.982222838,1.723307024,1.967275254
1,2,2,2.5,1.101,1.065,6.194,2.056055757,1.989217266,2.141215471,1.973818606
1,2,2,3,0.9731,0.9375,6.379,2.455303145,1.99278775,2.564141884,1.97747607
1,2,2,3.5,0.8703,0.8499,6.53,2.857987336,1.994948122,2.935538907,1.986102532
1,2,2,4,0.7868,6.985,6.655,3.260493846,1.996404536,6.04E-17,3.3275
1,2,2,4.5,0.7172,0.7058,6.76,3.66561608,1.997123086,3.729879483,1.99210681
1,2,2,5,0.6554,0.6548,6.85,4.093436919,1.996236416,4.097453721,1.995970595
1,2,2,5.5,0.6094,0.6142,6.927,4.47324947,1.998116345,4.436158393,2.000257145
1,2,2,6,0.5668,0.5703,6.995,4.876527965,1.998589275,4.84503516,2.000159056
1,2,2,6.5,0.5297,0.5356,7.055,5.28017536,1.9989805,5.219364893,2.001640879
1,2,2,7,0.4967,0.5045,7.108,5.688749357,1.999030187,5.597289651,2.002564297
1,2,2,7.5,0.468,0.4768,7.155,6.091004906,1.999177334,5.974619221,2.003182096
1,2,2,8,0.4423,0.4534,7.197,6.49484766,1.999163119,6.330832891,2.004235093
1,2,2,8.5,0.4192,0.4315,7.236,6.900772387,1.999396679,6.698502852,2.005038618
1,2,2,9,0.3982,0.4115,7.271,7.30976299,1.999399065,7.067482798,2.00552095
1,2,2,9.5,0.3795,0.3934,7.303,7.712559537,1.999561827,7.433746266,2.005980658
1,2,2,10,0.3621,0.3769,7.332,8.12352252,1.999442566,7.797810304,2.006297218
1,2,2,10.5,0.3467,0.3618,7.359,8.522914772,1.999652835,8.160337473,2.006666093
1,2,2,11,0.3312,0.3479,7.383,8.958265181,1.998957826,8.520658995,2.006733276
1,2,2,11.5,0.3191,0.3349,7.406,9.332674641,1.999538096,8.885174716,2.006912584
1,2,2,12,0.3069,0.3253,7.428,9.73831646,1.999770723,9.179121021,2.008379522
1,2,2,12.5,0.2956,0.3146,7.447,10.14184598,1.999589275,9.520699247,2.00849677
1,2,2,13,0.285,0.301,7.466,10.55096068,1.999712269,9.982796078,2.007228196
1,2,2,13.5,0.2746,0.2915,7.483,10.98048063,1.99937201,10.33615374,2.007325225
1,2,2,14,0.2662,0.2827,7.499,11.35521306,1.999687666,10.68490575,2.007466331
1,2,2,14.5,0.2575,0.2779,7.515,11.76808863,1.999846177,10.89493886,2.009481214
1,2,2,15,0.2495,0.2734,7.529,12.17189229,1.999788479,11.09704129,2.011094712
1,2,2,15.5,0.2421,0.2689,7.542,12.56915409,1.999736888,11.30438117,2.012433867
1,2,2,16,0.235,0.2613,7.555,12.97464098,1.999816456,11.65688555,2.012294429
1,2,2,16.5,0.2282,0.254,7.567,13.38576469,1.99976351,12.01447377,2.012020409
1,2,2,17,0.2216,0.2457,7.579,13.80948335,1.999796199,12.4440491,2.011260469
1,2,2,17.5,0.2159,0.2372,7.589,14.19552026,1.999721189,12.91110831,2.009864294
1,2,2,18,0.2103,0.2294,7.6,14.5973562,1.999950354,13.37324294,2.009056876
1,2,2,18.5,0.2049,0.2235,7.609,15.00241206,1.999742102,13.74538158,2.008619043
1,2,2,19,0.1996,0.2184,7.619,15.42357832,1.999838438,14.08731158,2.008821087
1,2,2,19.5,0.1948,0.2135,7.628,15.82461714,1.999905469,14.43002102,2.008849501
1,2,2,20,0.1902,0.2161,7.636,16.22656259,1.999801255,14.27012056,2.012201606
1,3,2,1,2.593,2.506,5.247,0.903355758,1.934839423,0.960708296,1.909293854
1,3,2,1.5,2.209,2.126,5.656,1.26995467,1.969062477,1.343756097,1.945305795
1,3,2,2,1.895,1.826,5.96,1.660229123,1.982365837,1.742956622,1.96274568
1,3,2,2.5,1.652,1.584,6.194,2.055290373,1.98936038,2.163313049,1.96998636
1,3,2,3,1.46,1.397,6.379,2.454613888,1.992888419,2.583771594,1.974833144
1,3,2,3.5,1.305,1.258,6.53,2.859103151,1.994817843,2.979750334,1.981243078
1,3,2,4,1.18,1.144,6.655,3.261104788,1.996346225,3.374371123,1.985867038
1,3,2,4.5,1.076,1.044,6.76,3.664876034,1.997181796,3.786735074,1.987799964
1,3,2,5,0.9831,0.965,6.85,4.093436919,1.996236416,4.175608157,1.990893747
1,3,2,5.5,0.914,0.8975,6.927,4.473768613,1.998086619,4.56096336,1.993184498
1,3,2,6,0.8502,0.8372,6.995,4.876527965,1.998589275,4.956165524,1.994704367
1,3,2,6.5,0.7945,0.7852,7.055,5.280522682,1.998965474,5.345876556,1.996171273
1,3,2,7,0.7451,0.7385,7.108,5.688352515,1.999045286,5.741191057,1.997052651
1,3,2,7.5,0.702,0.697,7.155,6.091004906,1.999177334,6.13622105,1.997661069
1,3,2,8,0.6634,0.6623,7.197,6.495352398,1.999147894,6.506475613,1.99881295
1,3,2,8.5,0.6288,0.6294,7.236,6.900772387,1.999396679,6.89401064,1.999580083
1,3,2,9,0.5973,0.5994,7.271,7.30976299,1.999399065,7.283510173,2.000043229
1,3,2,9.5,0.5693,0.5722,7.303,7.711866779,1.999577213,7.671891617,2.000469678
1,3,2,10,0.5432,0.5475,7.332,8.122759342,1.999457998,8.05764212,2.000785244
1,3,2,10.5,0.52,0.5248,7.359,8.52374976,1.99963736,8.444309668,2.00112312
1,3,2,11,0.4969,0.504,7.383,8.956431327,1.998988852,8.828071768,2.00119198
1,3,2,11.5,0.4786,0.4849,7.406,9.333665191,1.999522544,9.210451771,2.001482267
1,3,3,12,0.6635,0.6645,10.796,9.74196568,2.998906406,9.72684864,2.999363194
1,3,3,12.5,0.6397,0.6544,10.835,10.15202405,2.998835249,9.917317704,3.005569003
1,3,3,13,0.618,0.6305,10.872,10.55452092,2.999109755,10.33958912,3.004849422
1,3,3,13.5,0.5974,0.6356,10.906,10.96226051,2.999007114,10.28636009,3.016596508
1,3,3,14,0.5786,0.6068,10.938,11.36047126,2.999135232,10.81980514,3.012144978
1,3,3,14.5,0.5603,0.5639,10.969,11.77336195,2.99917686,11.69654135,3.000840319
1,3,3,15,0.5435,0.5474,10.998,12.17727479,2.999325885,12.08871746,3.001131564
1,3,3,15.5,0.526,0.5306,11.025,12.62155607,2.998570183,12.51000998,3.000703813
1,3,3,16,0.5094,0.5187,11.051,13.07143483,2.997926844,12.83278851,3.002248419
1,3,3,16.5,0.4968,0.5037,11.075,13.43800445,2.998572115,13.25073247,3.001783839
1,3,3,17,0.4852,0.4952,11.098,13.79332392,2.999390492,13.51016781,3.004053214
1,3,3,17.5,0.4725,0.4832,11.12,14.19815394,2.999405177,13.87880785,3.004402099
1,3,3,18,0.4602,0.4607,11.141,14.61099463,2.999316722,14.59490356,2.999550531
1,3,3,18.5,0.449,0.4519,11.161,15.00765064,2.999455258,14.90998757,3.000813355
1,3,3,19,0.438,0.4436,11.181,15.41734784,2.999670624,15.2201096,3.00229707
1,3,3,19.5,0.4277,0.4355,11.199,15.81894641,2.999662318,15.53199166,3.003325452
1,3,3,20,0.4174,0.4286,11.216,16.23881236,2.999372525,15.80926863,3.004639051
1,4,3,1,3.8,3.752,7.336,1.041964502,2.817288389,1.071798024,2.800890068
1,4,3,1.5,3.458,3.385,7.87,1.354463052,2.902298063,1.408173589,2.878059636
1,4,3,2,3.106,3.032,8.3,1.716736628,2.941350664,1.782981482,2.917299232
1,4,3,2.5,2.785,2.713,8.65,2.107962709,2.95895513,2.187333024,2.935835138
1,4,3,3,2.527,2.461,8.939,2.489629424,2.973323388,2.577826918,2.95217763
1,4,3,3.5,2.302,2.246,9.183,2.884515175,2.981136997,2.974619522,2.963177015
1,4,3,4,2.109,2.052,9.39,3.285179287,2.985498977,3.39501374,2.967174247
1,4,3,4.5,1.946,1.903,9.568,3.683205475,2.988960716,3.78047441,2.975074115
1,4,3,5,1.804,1.759,9.724,4.086146896,2.991281547,4.205464973,2.976685031
1,4,3,5.5,1.681,1.635,9.861,4.488731884,2.993086256,4.63022326,2.978094372
1,4,3,6,1.573,1.532,9.982,4.892558043,2.994260024,5.037102989,2.980831456
1,4,3,6.5,1.478,1.441,10.09,5.295776514,2.995259593,5.444087815,2.983082293
1,4,3,7,1.394,1.362,10.187,5.69758192,2.996182375,5.84215185,2.985600683
1,4,3,7.5,1.318,1.305,10.274,6.103632315,2.996455905,6.168775779,2.992136425
1,4,3,8,1.25,1.23,10.354,6.509137874,2.997051381,6.621703788,2.99037936
1,4,3,8.5,1.189,1.171,10.426,6.911661367,2.997422208,7.023978819,2.991393544
1,4,3,9,1.134,1.112,10.492,7.311728823,2.99787558,7.463853762,2.990480314
1,4,3,9.5,1.083,1.066,10.553,7.718198289,2.998073067,7.847065116,2.992337692
1,4,3,10,1.036,1.021,10.609,8.127455311,2.998051943,8.251974531,2.992974363
1,4,3,10.5,0.9932,0.9801,10.661,8.534109795,2.998196109,8.652654916,2.993747487
1,4,3,11,0.9543,0.9554,10.709,8.935507924,2.99843234,8.924845474,2.998807107
1,4,3,11.5,0.9178,0.9063,10.754,9.342632213,2.998553095,9.465133595,2.994624877
1,4,3,12,0.8846,0.8774,10.796,9.742722709,2.998883567,9.825148507,2.996417289
1,4,3,12.5,0.853,0.859,10.835,10.15120772,2.998858146,10.07824921,3.000919024
1,4,3,13,0.824,0.8255,10.872,10.55452092,2.999109755,10.53482654,2.999626196
1,4,3,13.5,0.7965,0.8272,10.906,10.96273078,2.998995612,10.54546744,3.009594087
1,4,3,14,0.7715,0.7919,10.938,11.3599689,2.999146758,11.06036098,3.006203349
1,4,3,14.5,0.747,0.7434,10.969,11.77443577,2.999153758,11.83270529,2.997906321
1,4,3,15,0.7247,0.7212,10.998,12.17670311,2.999337459,12.23701508,2.998122247
1,4,3,15.5,0.7014,0.6995,11.025,12.62033323,2.998593372,12.65527469,2.997932483
1,4,3,16,0.6792,0.6828,11.051,13.07143483,2.997926844,13.00126571,2.999181346
1,4,3,16.5,0.6624,0.6632,11.075,13.43800445,2.998572115,13.42151548,2.998851365
1,4,3,17,0.6469,0.6509,11.098,13.79404632,2.999378837,13.7078829,3.000777486
1,4,3,17.5,0.63,0.6346,11.12,14.19815394,2.999405177,14.09363121,3.00101614
1,4,3,18,0.6137,0.6087,11.141,14.60857875,2.999351793,14.73033759,2.99759834
1,4,3,18.5,0.5987,0.5959,11.161,15.00680337,2.999466966,15.07830264,2.998483592
1,4,3,19,0.584,0.5838,11.181,15.41734784,2.999670624,15.42269992,2.999600279
1,4,3,19.5,0.5702,0.573,11.199,15.82081941,2.999638839,15.74252626,3.000624982
1,4,3,20,0.5565,0.5616,11.216,16.23979678,2.999360771,16.09052975,3.001159188
1,5,3,1,4.75,4.686,7.336,1.041964502,2.817288389,1.073797655,2.799805793
1,5,3,1.5,4.322,4.225,7.87,1.35475374,2.902164076,1.411902717,2.876414821
1,5,3,2,3.883,3.783,8.3,1.716384662,2.94148158,1.78808917,2.915492414
1,5,3,2.5,3.481,3.385,8.65,2.108178672,2.958890559,2.192969561,2.934238726
1,5,3,3,3.158,3.07,8.939,2.49041375,2.973130352,2.58467139,2.950582801
1,5,3,3.5,2.877,2.799,9.183,2.885145171,2.981008319,2.985829567,2.961003592
1,5,3,4,2.636,2.56,9.39,3.285555333,2.985434502,3.40292808,2.965892046
1,5,3,4.5,2.433,2.371,9.568,3.682319139,2.989090138,3.794832795,2.973076093
1,5,3,5,2.255,2.191,9.724,4.086146896,2.991281547,4.222351161,2.974677954
1,5,3,5.5,2.101,2.039,9.861,4.489331296,2.993020966,4.642247416,2.9768581
1,5,3,6,1.966,1.91,9.982,4.893245787,2.994194431,5.051599007,2.979523283
1,5,3,6.5,1.848,1.796,10.09,5.294211894,2.995391391,5.46138434,2.981701739
1,5,3,7,1.742,1.696,10.187,5.699349687,2.996049983,5.866263167,2.98388298
1,5,3,7.5,1.648,1.621,10.274,6.101647549,2.99658886,6.210514183,2.989413387
1,5,3,8,1.563,1.531,10.354,6.506922128,2.99718489,6.651554135,2.98864574
1,5,3,8.5,1.487,1.457,10.426,6.907974329,2.997623254,7.058331333,2.989585957
1,5,3,9,1.417,1.384,10.492,7.314443375,2.997741055,7.497827539,2.988867779
1,5,3,9.5,1.353,1.326,10.553,7.722679223,2.99787057,7.887288929,2.990584182
1,5,3,10,1.295,1.271,10.609,8.127455311,2.998051943,8.28748428,2.991553203
1,5,3,10.5,1.242,1.219,10.661,8.530538319,2.998331981,8.697798714,2.992084089
1,5,3,11,1.193,1.185,10.709,8.934537613,2.998466409,8.997042686,2.996286249
1,5,3,11.5,1.147,1.127,10.754,9.34473687,2.998484764,9.516084067,2.993019902
1,5,3,12,1.106,1.09,10.796,9.740451957,2.998952084,9.887847345,2.994567987
1,5,3,12.5,1.066,0.9505,10.835,10.15365709,2.998789457,11.42109122,2.967103028
1,5,3,13,1.03,1.023,10.872,10.55452092,2.999109755,10.62867592,2.997181931
1,5,3,13.5,0.9957,1.019,10.906,10.96188432,2.999016315,10.7048745,3.005450115
1,5,3,14,0.9644,0.9769,10.938,11.3596675,2.999153674,11.21087756,3.002612234
1,5,3,14.5,0.9338,0.9228,10.969,11.77379146,2.999167619,11.91720514,2.996118556
1,5,3,15,0.9059,0.8951,10.998,12.17636012,2.999344403,12.32629404,2.996344784
1,5,3,15.5,0.8767,0.8689,11.025,12.62106691,2.998579459,12.73654466,2.996409091
1,5,3,16,0.8489,0.847,11.051,13.07300252,2.997898967,13.10285826,2.997369326
1,5,3,16.5,0.828,0.8228,11.075,13.43800445,2.998572115,13.52438767,2.99712011
1,5,3,17,0.8086,0.8066,11.098,13.79447979,2.999371844,13.82924392,2.998812425
1,5,3,17.5,0.7874,0.786,11.12,14.19998512,2.999377162,14.22567027,2.998984956
1,5,3,18,0.7671,0.7566,11.141,14.60906186,2.999344779,14.81477072,2.996399099
1,5,3,18.5,0.7483,0.7401,11.161,15.00832853,2.999445893,15.17693113,2.997142093
1,5,3,19,0.73,0.724,11.181,15.41734784,2.999670624,15.54681111,2.997982431
1,5,3,19.5,0.7128,0.7105,11.199,15.81969555,2.999652927,15.87155544,2.999004923
1,5,3,20,0.6956,0.6947,11.216,16.2403875,2.999353719,16.26168134,2.999099841
1,3,3,1,2.85,2.819,7.336,1.041964502,2.817288389,1.067636568,2.803152504
1,3,3,1.5,2.593,2.546,7.87,1.354947554,2.902074759,1.400982763,2.881245074
1,3,3,2,2.33,2.281,8.3,1.716150054,2.941568863,1.774499002,2.920314671
1,3,3,2.5,2.089,2.024,8.65,2.107602824,2.959062751,2.203535957,2.93126186
1,3,3,3,1.895,1.852,8.939,2.490065122,2.973216144,2.566471692,2.954837875
1,3,6,3.5,2.459,2.439,16.192,3.06348993,5.850269696,3.106265461,5.832687191
1,3,6,4,2.33,2.319,16.559,3.42382274,5.868607085,3.449650403,5.85904276
1,3,6,4.5,2.209,2.19,16.966,3.809414944,5.906491156,3.85896424,5.890062894
1,3,6,5,2.096,2.086,17.299,4.194864437,5.923814354,4.223607684,5.915201368
1,3,6,5.5,1.992,1.981,17.602,4.583847664,5.937274705,4.618772182,5.927829384
1,3,6,6,1.896,1.878,17.879,4.976924179,5.947622956,5.040122792,5.93220044
1,3,6,6.5,1.807,1.796,18.132,5.374723569,5.954907925,5.417095571,5.945483478
1,3,6,7,1.725,1.702,18.365,5.775019674,5.960662755,5.872885913,5.940970453
1,3,6,7.5,1.652,1.68,18.58,6.165207479,5.967438788,6.038566022,5.991527394
1,3,6,8,1.582,1.578,18.78,6.569105372,5.971212873,6.589199335,5.967774993
1,3,6,8.5,1.518,1.519,18.965,6.970006484,5.974699927,6.964557039,5.975561106
1,3,6,9,1.459,1.456,19.137,7.369751986,5.977802416,7.387527499,5.975214498
1,3,6,9.5,1.404,1.404,19.297,7.771117966,5.980082357,7.771117966,5.980082357
1,3,6,10,1.352,1.36,19.448,8.179205173,5.98169663,8.124178296,5.988630927
1,3,6,10.5,1.305,1.301,19.589,8.576871611,5.984148045,8.606720187,5.980674898
1,3,6,11,1.261,1.249,19.271,8.770216587,5.849494195,8.864728933,5.839292355
1,3,6,11.5,1.219,1.107,19.846,9.380440245,5.987309606,10.43166292,5.890073787
1,3,6,12,1.18,1.188,19.963,9.782334318,5.988438722,9.709484532,5.995437766
1,3,6,12.5,1.142,1.4509,20.074,10.19796129,5.9883738,7.781100946,6.263164696
1,3,6,13,1.108,1.126,20.179,10.59624691,5.98978304,10.41115796,6.005609072
1,3,6,13.5,1.076,1.082,20.279,10.99408596,5.991249947,10.92785028,5.996534927
1,3,6,14,1.045,1.056,20.373,11.40049789,5.991629352,11.27208116,6.001341473
1,3,6,14.5,1.016,1.006,20.463,11.80375118,5.992419766,11.9299702,5.983578211
1,3,6,15,0.9873,0.9979,20.548,12.22316601,5.991848225,12.08397948,6.001246445
1,3,6,15.5,0.9625,9.656,20.63,12.61047826,5.993711752,1.85E-16,10.315
1,3,6,16,0.9377,0.9342,20.707,13.0146926,5.993991307,13.06657297,5.99087659
1,3,6,16.5,0.9142,0.9251,20.781,13.41819131,5.994438214,13.25042455,6.004162284
1,3,6,17,0.8892,0.8966,20.85,13.86391621,5.991991349,13.74290709,5.998603278
1,3,6,17.5,0.87,0.867,20.92,14.23483924,5.994910145,14.28678472,5.992224815
1,3,6,18,0.851,0.8513,20.984,14.61441742,5.996199591,14.60899825,5.996468655
1,3,6,18.5,0.8306,0.8255,21.047,15.03687504,5.995862129,15.13436954,5.991280701
1,3,6,19,0.812,0.8091,21.106,15.4413742,5.995921136,15.49933404,5.993311397
1,3,6,19.5,0.7944,0.8022,21.163,15.84215521,5.996239591,15.68111871,6.003272875
1,3,6,20,0.7773,0.787,21.219,16.24913196,5.996657384,16.0401491,6.00541904
1,4,6,1,3.99,4.019,13.384,1.689944003,5.263364761,1.65819024,5.282995038
1,4,6,1.5,3.925,3.927,14.052,1.849399419,5.480711568,1.8470792,5.482090249
1,4,6,2,3.801,3.787,14.672,2.082692105,5.63526551,2.100030953,5.625643876
1,4,6,2.5,3.637,3.616,15.234,2.37689644,5.736801125,2.404980169,5.72256266
1,4,6,3,3.458,3.43,15.739,2.708753999,5.804227345,2.749636209,5.7855338
1,4,6,3.5,3.279,3.245,16.192,3.062958098,5.850490114,3.117570056,5.828088284
1,4,6,4,3.106,3.083,16.599,3.433266421,5.882346949,3.473956679,5.867325842
1,4,6,4.5,2.945,2.914,16.966,3.810062749,5.906274536,3.87079459,5.886182245
1,4,6,5,2.795,2.769,17.299,4.194148617,5.924029905,4.250389065,5.907249965
1,4,6,5.5,2.656,2.633,17.602,4.583847664,5.937274705,4.638756938,5.922471327
1,4,6,6,2.528,2.498,17.879,4.976924179,5.947622956,5.056081636,5.928352197
1,4,6,6.5,2.409,2.388,18.132,5.375681659,5.95469355,5.436503065,5.94120506
1,4,6,7,2.301,2.266,18.365,5.771866761,5.961306021,5.883663097,5.938833979
1,4,6,7.5,2.202,2.22,18.58,6.167503386,5.967009494,6.105942154,5.97861096
1,4,6,8,2.11,2.095,18.78,6.566600032,5.971642735,6.623315975,5.96197763
1,4,6,8.5,2.024,2.015,18.965,6.970006484,5.974699927,7.006961186,5.968889746
1,4,6,9,1.946,1.933,19.137,7.3667959,5.978233824,7.424775986,5.96982591
1,4,6,9.5,1.872,1.863,19.297,7.771117966,5.980082357,7.814507282,5.974248767
1,4,6,10,1.803,1.802,19.448,8.177476438,5.981913237,8.182664425,5.981263432
1,4,6,10.5,1.741,1.726,19.589,8.571294021,5.984799416,8.655591668,5.975034019
1,4,6,11,1.681,1.66,19.721,8.977008568,5.985868983,9.104359599,5.972169197
1,4,6,11.5,1.626,1.625,19.846,9.376158036,5.987745886,9.382582593,5.987091474
1,4,6,12,1.573,1.572,19.963,9.784625948,5.988220083,9.791506362,5.987564195
1,4,6,12.5,1.523,1.518,20.074,10.19551019,5.988592929,10.23238409,5.985306495
1,4,6,13,1.478,1.488,20.179,10.59102817,5.990222331,10.5132825,5.996813889
1,4,6,13.5,1.435,1.433,20.279,10.99131203,5.991470103,11.00797411,5.990149229
1,4,6,14,1.394,1.395,20.373,11.39460454,5.992070632,11.38577465,5.992732584
1,4,6,14.5,1.354,1.337,20.463,11.81000532,5.991977531,11.97151302,5.980706119
1,4,6,15,1.316,1.321,20.548,12.22714718,5.991582343,12.17754964,5.994906282
1,4,6,15.5,1.283,1.279,20.63,12.61397665,5.993489693,12.65609471,5.99082529
1,4,6,16,1.25,1.241,20.707,13.01764709,5.993813303,13.11808186,5.987807096
1,4,6,16.5,1.219,1.224,20.781,13.41741289,5.994482804,13.35926538,5.997827452
1,4,6,17,1.186,1.188,20.852,13.8603018,5.992834135,13.83562894,5.99417429
1,4,6,17.5,1.161,1.152,20.92,14.22190728,5.995581557,14.3390811,5.989539989
1,4,6,18,1.134,1.129,20.984,14.62345765,5.995751161,14.69159076,5.992388373
1,4,6,18.5,1.108,1.096,21.047,15.02927777,5.996221516,15.20196029,5.988137386
1,4,6,19,1.083,1.075,21.106,15.43639658,5.996146134,15.55669123,5.990747081
1,4,6,19.5,1.059,1.062,21.163,15.84528236,5.996104366,15.79849604,5.998132859
1,4,6,20,1.036,1.041,21.219,16.25567671,5.99638648,16.17422101,5.999773098
1,5,6,1,4.988,5.014,13.384,1.689505408,5.263633969,1.666722413,5.277692465
1,5,6,1.5,4.907,4.902,14.052,1.848703287,5.481125064,1.853345253,5.478370166
1,5,6,2,4.751,4.73,14.672,2.082939465,5.635127745,2.103752741,5.623587833
1,5,6,2.5,4.546,4.515,15.234,2.377163163,5.736665119,2.410347515,5.719860133
1,5,6,3,4.323,4.283,15.739,2.708172736,5.804495328,2.754920636,5.783139579
1,5,6,3.5,4.099,4.051,16.192,3.062639032,5.850622373,3.124368229,5.825332194
1,5,6,4,3.883,3.847,16.599,3.432562531,5.882608765,3.48357249,5.863808571
1,5,6,4.5,3.681,3.637,19.966,4.484231661,6.950494076,4.56548213,6.92365582
1,5,6,5,3.493,17.299,17.299,4.19543719,5.923641921,1.57E-16,8.6495
1,5,6,5.5,3.32,3.286,17.602,4.583847664,5.937274705,4.648868491,5.919773212
1,5,6,6,3.159,3.118,17.879,4.979014587,5.947108105,5.065687945,5.926044657
1,5,6,6.5,3.011,2.98,18.132,5.376256623,5.954564929,5.448192301,5.938639626
1,5,6,7,2.876,2.831,18.365,5.772497152,5.961177362,5.887549689,5.938065038
1,5,6,7.5,2.753,2.76,18.58,6.166125694,5.967267067,6.146884396,5.970874214
1,5,6,8,2.637,2.612,18.78,6.568103066,5.971384815,6.643912598,5.958501649
1,5,6,8.5,2.53,2.511,18.965,6.970006484,5.974699927,7.032593549,5.964889979
1,5,6,9,2.432,2.41,19.137,7.368569329,5.977974976,7.447266576,5.966594635
1,5,6,9.5,2.34,2.322,19.297,7.771117966,5.980082357,7.840727021,5.970750703
1,5,6,10,2.253,2.245,19.448,8.180588589,5.981523348,8.213904983,5.97736568
1,5,6,10.5,2.176,2.153,19.589,8.57240906,5.984669138,8.67602728,5.972691967
1,5,6,11,2.101,2.07,19.721,8.978207331,5.985738411,9.128961093,5.969562058
1,5,6,11.5,2.032,2.024,19.846,9.378726964,5.987484115,9.419992639,5.983296783
1,5,6,12,1.966,1.957,19.963,9.786001367,5.988088902,9.835738185,5.983367547
1,5,6,12.5,1.904,1.891,20.074,10.19404003,5.988724408,10.27097886,5.981889722
1,5,6,13,1.847,1.85,20.179,10.59415888,5.989958754,10.57539888,5.991540313
1,5,6,13.5,1.793,1.785,20.279,10.99630599,5.991073825,11.04982471,5.986847737
1,5,6,14,1.742,1.734,20.373,11.3981399,5.991805862,11.45497173,5.987570377
1,5,6,14.5,1.693,1.669,20.463,11.80625213,5.99224287,11.98884559,5.979513299
1,5,6,15,1.645,1.644,20.548,12.22714718,5.991582343,12.23511653,5.991050597
1,5,6,15.5,1.604,1.594,20.603,12.59537131,5.985778632,12.67972672,5.980457305
1,5,6,16,1.563,1.547,20.707,13.01321581,5.99408031,13.15639196,5.985538801
1,5,6,16.5,1.524,1.523,20.781,13.41507811,5.994616574,13.42442168,5.994081502
1,5,6,17,1.482,1.48,20.852,13.86524608,5.99256612,13.88505563,5.99149411
1,5,6,17.5,1.451,1.436,20.92,14.22449194,5.995447272,14.38117332,5.98739249
1,5,6,18,1.417,1.407,20.984,14.62888675,5.995482109,14.73825805,5.990102117
1,5,6,18.5,1.384,1.34,21.047,15.04067634,5.995682439,15.55863899,5.971981962
1,5,6,19,1.353,1.34,21.106,15.44535845,5.99574114,15.60225374,5.98872292
1,5,6,19.5,1.324,1.322,21.163,15.84215521,5.996239591,15.86720475,5.995157825
1,5,6,20,1.296,1.295,21.219,16.24259215,5.996928292,16.25567671,5.99638648
1,6,4,1,5.89,5.867,9.368,1.231643906,3.654573598,1.243514341,3.647545283
1,6,4,1.5,5.582,5.52,9.974,1.483346417,3.794013414,1.518864285,3.775261848
1,6,4,2,5.187,5.12,10.493,1.805893368,3.869607823,1.849496188,3.849766865
1,6,4,2.5,4.788,4.701,10.934,2.163723009,3.912176479,2.229286362,3.886890925
1,6,4,3,4.418,4.324,11.311,2.539684807,3.937776817,2.622198106,3.910768141
1,6,4,3.5,4.085,4.005,11.636,2.926806156,3.953735354,3.008358831,3.930874341
1,6,4,4,3.792,3.715,11.919,3.317856664,3.964971084,3.408805492,3.943018503
1,6,4,4.5,3.533,3.459,12.167,3.712749626,3.972653748,3.813500162,3.951557666
1,6,4,5,3.303,3.231,12.387,4.111779572,3.97811338,4.224191111,3.957558453
1,6,4,5.5,3.1,3.042,12.583,4.51089324,3.98244554,4.613663359,3.96584033
1,6,4,6,2.919,2.589,12.758,4.911197266,3.985489216,5.637247358,3.891443362
1,6,4,6.5,2.757,2.713,12.916,5.312507324,3.987894206,5.411449653,3.975214094
1,6,4,7,2.61,2.561,13.059,5.71776846,3.989330201,5.841470055,3.97516312
1,6,4,7.5,2.48,2.43,13.19,6.116735793,3.99146106,6.25725306,3.976951884
1,6,4,8,2.359,2.31,13.309,6.52477575,3.992100951,6.677600291,3.977832134
1,6,4,8.5,2.252,2.225,13.418,6.922886044,3.993421999,7.014836114,3.985527891
1,6,4,9,2.152,2.121,13.519,7.329209926,3.994068151,7.445492157,3.984974271
1,6,4,9.5,2.06,2.019,13.612,7.736952706,3.994402649,7.906254979,3.982337846
1,6,4,10,1.978,1.957,13.699,8.133964611,3.995667224,8.227483648,3.989464687
1,6,4,10.5,1.9,1.883,13.779,8.540960779,3.995852273,8.623129451,3.990815386
1,6,4,11,1.829,1.795,13.854,8.942348004,3.996470503,9.12192672,3.986368995
1,6,4,11.5,1.761,1.734,13.924,9.35526509,3.996369575,9.509043519,3.988324011
1,6,4,12,1.7,1.672,13.99,9.755470363,3.997058968,9.927276694,3.988691829
1,6,4,12.5,1.635,1.617,14.051,10.2074152,3.994989597,10.32646404,3.989596912
1,6,4,13,1.589,1.566,14.109,10.56029688,3.997647607,10.72235725,3.990738137
1,6,4,13.5,1.583,1.517,14.164,10.64345904,4.011421389,11.1268452,3.991532159
1,6,4,14,1.49,1.47,14.215,11.37749212,3.997748944,11.53836629,3.991711653
1,6,4,14.5,1.446,1.432,14.264,11.77763391,3.99820579,11.89703524,3.99396963
1,6,4,15,1.404,1.381,14.31,12.18200981,3.998354668,12.39192807,3.991380967
1,6,4,15.5,1.364,1.344,14.353,12.58927305,3.998207204,12.78273525,3.992130586
1,6,4,16,1.327,1.318,14.395,12.98958836,3.998634468,13.08103792,3.995894031
1,6,4,16.5,1.291,1.286,14.434,13.39912265,3.998479857,13.45274713,3.996954463
1,6,4,17,1.258,1.25,14.472,13.79703412,3.998915626,13.88778812,3.996470461
1,6,4,17.5,1.225,1.204,14.507,14.21321992,3.998478924,14.46760955,3.992050357
1,6,4,18,1.195,1.183,14.541,14.61350476,3.998645832,14.76543856,3.994965738
1,6,4,18.5,1.166,1.154,14.574,15.01997483,3.998808366,15.17986715,3.995122124
1,6,4,19,1.139,1.121,14.605,15.41713829,3.999003708,15.67027495,3.993465919
1,6,4,19.5,1.112,1.096,14.635,15.83233648,3.998895016,16.06843155,3.993964933
1,6,4,20,1.088,1.074,14.664,16.22113475,3.999409823,16.43693207,3.995089351
1,7,4,1,6.871,6.841,9.368,1.231938518,3.654398496,1.245212222,3.646544481
1,7,4,1.5,6.513,6.437,9.974,1.483020667,3.794187338,1.52034504,3.774489149
1,7,4,2,6.052,5.968,10.493,1.805616562,3.869735437,1.852495572,3.848420894
1,7,4,2.5,5.586,5.479,10.934,2.163723009,3.912176479,2.232886795,3.885529006
1,7,4,3,5.154,5.041,11.311,2.539931588,3.937694291,2.625003926,3.909869954
1,7,4,3.5,4.766,4.667,11.636,2.926662825,3.953776336,3.01324665,3.929532626
1,7,4,4,4.424,4.33,11.919,3.317856664,3.964971084,3.413100957,3.942003746
1,7,4,4.5,4.121,4.032,12.167,3.713704624,3.972449549,3.817663631,3.950704898
1,7,4,5,3.853,3.766,12.387,4.112435814,3.977990728,4.228971606,3.956704183
1,7,4,5.5,3.616,3.544,12.583,4.511888804,3.982281646,4.621397943,3.964615728
1,7,4,6,3.405,3.331,12.758,4.912041711,3.985365954,5.039576772,3.967156991
1,7,4,6.5,3.216,3.16,12.916,5.313456936,3.987770553,5.421573121,3.973939502
1,7,4,7,3.045,2.983,13.059,5.71776846,3.989330201,5.852132132,3.973966904
1,7,4,7.5,2.893,2.831,13.19,6.117523578,3.991378053,6.267088486,3.975958209
1,7,4,8,2.752,2.692,13.309,6.52521255,3.992059306,6.685790266,3.977084181
1,7,4,8.5,2.627,2.589,13.418,6.92384806,3.993338417,7.035064435,3.983816588
1,7,4,9,2.511,2.527,13.519,7.328153118,3.994152018,7.277740057,3.998178755
1,7,4,9.5,2.403,2.353,13.612,7.738110087,3.994318509,7.915285555,3.981707791
1,7,4,10,2.307,2.277,13.699,8.136483991,3.995498385,8.251328221,3.987904242
1,7,4,10.5,2.216,2.191,13.779,8.543699643,3.995682917,8.647570578,3.989334509
1,7,4,11,2.133,2.091,13.854,8.946054029,3.99625817,9.136547759,3.985563058
1,7,4,11.5,2.054,2.02,13.924,9.357670195,3.996241814,9.523932317,3.987558124
1,7,4,12,1.984,1.947,13.99,9.752021512,3.997229801,9.94691174,3.987753102
1,7,4,12.5,1.907,1.883,14.051,10.21021995,3.994861166,10.34655755,3.988698406
1,7,4,13,1.854,1.823,14.109,10.55930463,3.997690537,10.74691482,3.989708536
1,7,4,13.5,1.795,1.766,13.12,10.15622777,3.70334209,10.32999713,3.696408036
1,7,4,14,1.739,1.71,14.215,11.37295791,3.997921485,11.57339939,3.99041836
1,7,4,14.5,1.687,1.666,14.264,11.77763391,3.99820579,11.93157202,3.992759576
1,7,4,15,1.637,1.609,14.31,12.18971152,3.998094708,12.40917824,3.990818046
1,7,4,15.5,1.592,1.565,14.353,12.58382753,3.998380865,12.80802072,3.991349517
1,7,4,16,1.548,1.532,14.395,12.9910304,3.998590964,13.13090443,3.994415305
1,7,4,16.5,1.507,1.495,14.434,13.3914954,3.998697785,13.50213608,3.995559969
1,7,4,17,1.467,1.454,14.472,13.80347878,3.998740957,13.93031448,3.995335352
1,7,4,17.5,1.429,1.403,14.507,14.21492138,3.998435183,14.48523354,3.991613144
1,7,4,18,1.394,1.376,14.541,14.61529577,3.998602016,14.81124654,3.993870649
1,7,4,18.5,1.36,1.343,14.574,15.02374398,3.998720588,15.21842229,3.99424458
1,7,4,19,1.329,1.305,14.605,15.41516091,3.999047667,15.70504508,3.992718907
1,7,4,19.5,1.297,1.276,14.635,15.8364935,3.998806966,16.10271729,3.99326076
1,7,4,20,1.269,1.25,14.664,16.22548382,3.999321638,16.47717509,3.994295919
1,1,4,1,0.9816,1.001,9.368,1.231850133,3.654451024,1.172122464,3.690653728
1,1,4,1.5,0.9304,0.944,9.974,1.483118389,3.794135159,1.436881845,3.819184668
1,1,4,2,0.8646,0.8842,10.493,1.805505847,3.869786484,1.730505695,3.905154809
1,1,4,2.5,0.798,0.8077,10.934,2.163723009,3.912176479,2.120759305,3.929257578
1,1,4,3,0.7363,0.7388,11.311,2.539857551,3.937719049,2.526934091,3.942055306
1,1,4,3.5,0.6808,0.6928,11.636,2.927006834,3.95367798,2.855759238,3.974406145
1,1,4,4,0.632,0.6436,11.919,3.317856664,3.964971084,3.238268143,3.984939597
1,1,4,4.5,0.5888,0.6025,12.167,3.713016992,3.972596571,3.605281037,3.9961715
1,1,4,5,0.5505,0.553,12.387,4.111779572,3.97811338,4.088905614,3.982408529
1,1,4,5.5,0.5166,0.5499,12.583,4.5115901,3.982330814,4.182444846,4.04001276
1,1,4,6,0.4865,0.4986,12.758,4.911197266,3.985489216,4.771340598,4.006414922
1,1,5,6.5,0.5366,0.554,15.585,5.337675955,4.97521356,5.133106837,5.012725645
1,1,5,7,0.5102,0.5196,15.774,5.740534088,4.97844457,5.616600742,4.998710038
1,1,5,7.5,0.4865,0.4951,15.947,6.138804108,4.981705324,6.013754173,5.000284107
1,1,5,8,0.4646,0.4848,16.107,6.541321504,4.984154384,6.225847626,5.027985298
1,1,5,8.5,0.4445,0.4642,16.254,6.944223735,4.985922424,6.607581942,5.028769278
1,1,5,9,0.4262,0.4438,16.391,7.344192861,4.988047633,7.015331372,5.026416905
1,1,5,9.5,0.4089,0.4115,16.518,7.752839172,4.988884257,7.698201268,4.994554941
1,1,5,10,0.3932,0.4139,16.636,8.155082841,4.990124078,7.702977846,5.03551026
1,1,5,10.5,0.3788,0.4011,16.746,8.553302358,4.991488039,8.030088684,5.040524641
1,1,5,11,0.364,0.3796,16.85,8.989606487,4.989897396,8.586521006,5.024252461
1,1,5,11.5,0.3526,0.3689,16.947,9.359248711,4.993456071,8.910496166,5.029461247
1,1,5,12,0.3404,0.3596,17.089,9.803486872,5.008213585,9.238533227,5.050870947
1,1,5,12.5,0.3295,0.3468,17.124,10.17311658,4.994287611,9.628181216,5.03269794
1,1,5,13,0.3192,0.3354,17.204,10.57372045,4.994714072,10.0278244,5.030763849
1,1,5,13.5,0.3094,0.3204,17.281,10.97964985,4.995223645,10.57859311,5.019746924
1,1,5,14,0.3003,0.3224,17.353,11.38013716,4.995705487,10.55230106,5.045144759
1,1,5,14.5,0.2915,0.3031,17.422,11.79030607,4.995866007,11.31359376,5.021846139
1,1,5,15,0.2833,0.2914,17.487,12.19549879,4.99610612,11.83858047,5.014280609
1,1,5,15.5,0.2749,0.3058,17.549,12.63188602,4.994933983,11.28937364,5.064553281
1,1,5,16,0.2683,0.2936,17.608,13.00118698,4.996858201,11.82621751,5.053951809
1,1,5,16.5,0.2613,0.2783,17.664,13.407947,4.996948561,12.55168444,5.03535705
1,1,5,17,0.2545,0.2873,17.718,13.82386344,4.996845464,12.17553461,5.071193881
1,1,5,17.5,0.2484,0.2716,17.769,14.21809731,4.997407463,12.95319792,5.050047546
1,1,5,18,0.2423,0.2588,17.818,14.63025873,4.997342654,13.66120651,5.034825422
1,1,5,18.5,0.2367,0.2582,17.864,15.02793739,4.997512015,13.72967257,5.046455329
1,1,5,19,0.2314,0.251,17.909,15.42306976,4.998030515,14.1757757,5.042717172
1,1,5,19.5,0.2556,0.2426,17.952,13.94364182,5.065357807,14.72137215,5.035610841
1,1,5,20,0.2212,0.2311,17.993,16.23378585,4.998160878,15.5162116,5.020787024
1,3,5,1,2.98,2.992,11.38,1.452459505,4.465770483,1.437528534,4.474894359
1,3,5,1.5,2.892,2.893,12.026,1.651622818,4.65032497,1.650284863,4.651092155
1,3,5,2,2.753,2.739,12.605,1.929717317,4.765811821,1.950185588,4.755234077
1,3,5,2.5,2.594,2.568,13.116,2.256516399,4.8372898,2.298735216,4.818015045
1,3,5,3,2.433,2.427,13.564,2.612936069,4.881625842,2.623796153,4.87723086
1,3,5,3.5,2.228,2.259,13.959,3.094000742,4.873218522,3.029416896,4.895496421
1,3,5,4,2.14,2.12,14.308,3.367037201,4.931106893,3.413233312,4.916743086
1,3,5,4.5,2.012,1.987,14.62,3.755205964,4.945731328,3.820439225,4.927857777
1,3,5,5,1.896,1.914,14.899,4.147390422,4.95629702,4.095555436,4.969188923
1,3,5,5.5,1.786,1.787,15.15,4.558706084,4.960538805,4.555441075,4.961252976
1,3,5,6,1.696,1.692,15.378,4.939380053,4.970400891,4.953920031,4.967541315
1,3,5,6.5,1.61,1.602,15.585,5.336869683,4.975356776,5.369260662,4.96963113
1,3,5,7,1.531,1.514,15.774,5.738747363,4.97873152,5.815436303,4.966548719
1,3,5,7.5,1.459,1.443,15.947,6.141267436,4.981345829,6.220918413,4.969853029
1,3,5,8,1.394,1.384,16.107,6.540238851,4.98429855,6.594725385,4.97709411
1,3,5,8.5,1.333,1.33,16.254,6.947189888,4.985561074,6.965030393,4.983393367
1,3,5,9,1.279,1.276,16.391,7.341606139,4.988337545,7.361043588,4.986163482
1,3,5,9.5,1.227,1.206,16.518,7.750725612,4.989102283,7.901068437,4.973855134
1,3,5,10,1.118,1.183,16.636,8.650421825,4.945351571,8.129170042,4.99260233
1,3,5,10.5,1.136,1.14,16.746,8.556606467,4.991195707,8.523664651,4.994119472
1,3,5,11,1.092,1.093,16.85,8.989606487,4.989897396,8.980649424,4.990630086
1,3,5,11.5,1.058,1.058,16.947,9.357332516,4.993603045,9.357332516,4.993603045
1,3,5,12,1.021,1.025,17.038,9.77629158,4.993119847,9.735198619,4.996067177
1,3,5,12.5,0.9886,0.9906,17.124,10.17201368,4.994361478,10.15000065,4.995838919
1,3,5,13,0.9575,0.9583,17.204,10.57489881,4.994640024,10.56547861,4.99523242
1,3,5,13.5,0.9282,0.9235,17.281,10.97964985,4.995223645,11.03902604,4.991735435
1,3,5,14,0.9009,0.9089,17.353,11.38013716,4.995705487,11.27404331,5.001659296
1,3,5,14.5,0.8746,0.8642,17.422,11.78888342,4.995940579,11.93855348,4.98818756
1,3,5,15,0.85,0.8423,17.487,12.1939893,4.996180856,12.31124195,4.990427512
1,3,5,15.5,0.8248,0.8423,17.549,12.63027963,4.995008871,12.35489135,5.008121028
1,3,5,16,0.805,0.8068,17.608,12.99949687,4.996933253,12.96914502,4.998284263
1,3,5,16.5,0.784,0.7781,17.664,13.40616161,4.997023762,13.51226775,4.992587636
1,3,5,17,0.7636,0.756,17.718,13.82197775,4.99692081,13.96668273,4.991195709
1,3,5,17.5,0.7452,0.748,17.769,14.21809731,4.997407463,14.16276462,4.999521283
1,3,5,18,0.7269,7.304,17.818,14.63025873,4.997342654,1.48E-16,8.909
1,3,5,18.5,0.71,0.7211,17.864,15.03012976,4.997436261,14.79042246,5.005847256
1,3,5,19,0.6941,0.6999,17.909,15.42536768,4.99795463,15.29315555,5.00235654
1,3,5,19.5,0.6768,0.6842,17.952,15.87096819,4.996800929,15.69372016,5.002426114
1,3,5,20,0.6636,0.6621,17.993,16.23378585,4.998160878,16.27170698,4.997018992
1,5,5,1,4.966,4.965,11.38,1.452957654,4.465467342,1.453704932,4.465012748
1,5,5,1.5,4.82,4.805,12.026,1.651622818,4.65032497,1.663678237,4.643436262
1,5,5,2,4.589,4.551,12.605,1.929133927,4.766114893,1.962513743,4.748914899
1,5,5,2.5,4.323,4.268,13.116,2.256839292,4.837140906,2.310514901,4.812706
1,5,5,3,4.055,4.02,13.564,2.612936069,4.881625842,2.651102801,4.866275442
1,5,5,3.5,3.8,3.749,13.959,2.986399351,4.910681313,3.04927695,4.888580092
1,5,5,4,3.566,3.518,14.308,3.367954573,4.930819018,3.434711433,4.910156028
1,5,5,4.5,3.353,3.301,14.62,3.755722613,4.945588003,3.83735391,4.923295617
1,5,5,5,3.16,3.149,14.899,4.147390422,4.95629702,4.166603193,4.951580038
1,5,5,5.5,2.976,2.954,15.15,4.560012969,4.960253168,4.6034249,4.950837139
1,5,5,6,2.827,2.797,15.378,4.938654634,4.970543914,5.004550033,4.957688398
1,5,5,6.5,2.683,2.65,15.85,5.428435283,5.059809748,5.510524607,5.045409509
1,5,5,7,2.551,2.512,15.774,5.740534088,4.97844457,5.846550617,4.961682755
1,5,5,7.5,2.432,2.393,15.947,6.140281919,4.981489625,6.257291769,4.964688204
1,5,5,8,2.323,2.291,16.107,6.541321504,4.984154384,6.646610583,4.970329106
1,5,5,8.5,2.222,2.198,16.254,6.946003178,4.985705612,7.032302572,4.975306535
1,5,5,9,2.131,2.107,16.391,7.344192861,4.988047633,7.438336314,4.977618375
1,5,5,9.5,2.045,2.006,16.518,7.750725612,4.989102283,7.918565694,4.972114485
1,5,5,10,1.966,1.952,16.636,8.155082841,4.990124078,8.219713632,4.984004559
1,5,5,10.5,1.894,1.879,16.746,8.553302358,4.991488039,8.628184409,4.984912989
1,5,5,11,1.82,1.806,16.85,8.989606487,4.989897396,9.065469451,4.983745154
1,5,5,11.5,1.763,1.746,16.947,9.359248711,4.993456071,9.457904521,4.985963448
1,5,5,12,1.702,1.69,17.038,9.774229582,4.993267193,9.848954263,4.987964155
1,5,5,12.5,1.648,1.634,17.124,10.16980851,4.994509212,10.26317232,4.988306205
1,5,5,13,1.596,1.581,17.204,10.57372045,4.994714072,10.68073421,4.988051852
1,5,5,13.5,1.547,1.527,17.281,10.97964985,4.995223645,11.13241886,4.98631976
1,5,5,14,1.502,1.495,17.353,11.37612566,4.995928699,11.43252368,4.992804136
1,5,5,14.5,1.458,1.433,17.422,11.78603908,4.996089725,12.00293566,4.984908955
1,5,5,15,1.417,1.395,17.487,12.19097134,4.99633033,12.39316951,4.986468981
1,5,5,15.5,1.375,1.379,17.549,12.62706799,4.995158646,12.58864641,4.996956094
1,5,5,16,1.342,1.32,17.608,12.9961179,4.997083358,13.22270566,4.987180104
1,5,5,16.5,1.307,1.289,17.664,13.40259215,4.997174164,13.5979262,4.989054816
1,5,5,17,1.273,1.283,17.718,13.81820781,4.997071502,13.70600157,5.001593042
1,5,5,17.5,1.242,1.233,17.769,14.21809731,4.997407463,14.32596968,4.993331698
1,5,5,18,1.212,1.204,17.818,14.62399631,4.997569527,14.72480732,4.993939989
1,5,5,18.5,1.183,1.184,17.864,15.03451632,4.997284755,15.02136391,4.997739278
1,5,8,19,1.716,1.71,27.225,15.48095693,7.988627548,15.53952364,7.984387426
1,5,8,19.5,1.682,1.678,27.313,15.86927373,7.990359611,15.9099378,7.987527939
1,5,8,20,1.648,1.63,27.398,16.27145606,7.991098073,16.46397049,7.97833889
1,7,8,1,6.998,7.029,17.386,2.182650208,6.844939731,2.157461972,6.860536175
1,7,8,1.5,6.966,6.995,18.072,2.295845642,7.098406577,2.271307208,7.113458018
1,7,8,2,6.872,6.878,18.736,2.462993212,7.309322317,2.457691706,7.312476615
1,7,8,2.5,6.714,6.694,19.363,2.690716083,7.469529369,2.709265095,7.459035233
1,7,8,3,6.513,6.486,19.947,2.965892646,7.587994268,2.992323088,7.573939557
1,7,8,3.5,6.287,6.251,20.487,3.276658286,7.674591556,3.314110142,7.656063634
1,7,8,4,6.05,6.003,20.985,3.613275702,7.738081333,3.665564559,7.714176008
1,7,8,4.5,5.816,5.765,21.444,3.963386775,7.787240133,4.024252081,7.761550631
1,7,8,5,5.586,5.539,21.867,4.327248128,7.823995159,4.387554328,7.800506641
1,7,8,5.5,5.363,5.315,22.259,4.702660553,7.851915592,4.769065283,7.828088479
1,7,8,6,5.153,5.086,22.622,5.081344151,7.874893463,5.181565137,7.841829162
1,7,8,6.5,4.954,4.901,22.959,5.465245327,7.893153101,5.550564845,7.867076508
1,7,8,7,4.767,4.726,23.272,5.85160601,7.908044479,5.922588889,7.887914066
1,7,8,7.5,4.767,4.556,23.565,5.925279118,8.007608635,6.306293024,7.903428814
1,7,8,8,4.423,4.383,23.838,6.637703986,7.92945184,6.717953796,7.909868245
1,7,8,8.5,4.265,4.232,24.094,7.036825961,7.936752908,7.107911443,7.920601702
1,7,8,9,4.122,4.108,24.335,7.425422466,7.945715692,7.457598348,7.938857224
1,7,8,9.5,3.984,3.96,24.561,7.823115488,7.951548301,7.882322249,7.939790001
1,7,8,10,3.852,3.817,24.774,8.2274975,7.955490867,8.320170493,7.938338619
1,7,8,10.5,3.729,3.7,24.975,8.629445303,7.959425506,8.71136523,7.945197545
1,7,8,11,3.615,3.578,25.165,9.026406851,7.963755169,9.138014671,7.945583166
1,7,8,11.5,3.508,3.473,25.345,9.421895936,7.967889779,9.534149878,7.950674052
1,7,8,12,3.405,3.376,25.516,9.824083422,7.970731909,9.922821937,7.956444117
1,7,8,12.5,3.308,3.286,25.678,10.22507273,7.973324737,10.30442464,7.962466757
1,7,8,13,3.215,3.177,25.832,10.63071396,7.975046512,10.77675754,7.956268905
1,7,8,13.5,3.129,3.092,25.978,11.02790943,7.977430716,11.17829864,7.959115114
1,7,8,14,3.044,3.017,26.118,11.43978999,7.978164162,11.55561828,7.964773766
1,7,8,14.5,2.961,2.945,26.252,11.86270166,7.977771805,11.93512213,7.969822239
1,7,8,15,2.892,2.875,26.379,12.23931194,7.981955493,12.32017159,7.973492454
1,7,8,15.5,2.822,2.804,26.501,12.63632459,7.983899444,12.72644804,7.974922444
1,7,8,16,2.752,2.737,26.618,13.0504251,7.984118611,13.12946182,7.976624667
1,7,8,16.5,2.689,2.671,26.729,13.44382461,7.985836146,13.54346191,7.976827801
1,7,8,17,2.626,2.621,26.836,13.853471,7.986175351,13.88240837,7.98366821
1,7,8,17.5,2.568,2.554,26.939,14.25022946,7.987660569,14.33539401,7.98062931
1,7,8,18,2.51,2.486,27.038,14.6626487,7.98780084,14.81633262,7.975729321
1,7,8,18.5,2.457,2.431,27.133,15.05859353,7.989128109,15.23281764,7.976028537
1,7,8,19,2.403,2.386,27.225,15.47678865,7.988930459,15.59566989,7.980350289
1,7,8,19.5,2.354,2.342,27.313,15.87507148,7.989955055,15.96249522,7.983887958
1,7,8,20,2.307,2.28,27.398,16.27296798,7.99099677,16.47942522,7.977326681
1,9,8,1,8.997,9.027,17.386,2.182921279,6.844772634,2.163958211,6.856500533
1,9,8,1.5,8.956,8.983,18.072,2.296033841,7.098291622,2.278260211,7.109180466
1,9,8,2,8.835,8.833,18.736,2.463287813,7.309147196,2.464662715,7.308330133
1,9,8,2.5,8.632,8.601,19.363,2.690921973,7.469412543,2.713289169,7.45676686
1,9,8,3,8.374,8.333,19.947,2.965784074,7.588052244,2.997010032,7.571459385
1,9,8,3.5,8.084,8.032,20.487,3.276082036,7.6748783,3.318169097,7.654068367
1,9,8,4,7.778,7.714,20.985,3.613767961,7.737854539,3.669166792,7.712542831
1,9,8,4.5,7.478,7.408,21.444,3.963123047,7.787352433,4.028120623,7.759933068
1,9,8,5,7.183,7.116,21.867,4.326255957,7.824384928,4.393149646,7.798347377
1,9,8,5.5,6.896,6.829,22.259,4.701896985,7.852192073,4.774018576,7.826328255
1,9,8,6,6.626,6.541,22.622,5.080521334,7.875168523,5.179383477,7.842539756
1,9,8,6.5,6.369,6.296,22.959,5.465777481,7.89298871,5.557243165,7.86505893
1,9,8,7,6.129,6.07,23.272,5.85160601,7.908044479,5.931118993,7.885518267
1,9,8,7.5,5.9,5.85,23.565,6.245030016,7.919551929,6.317547878,7.900491887
1,9,8,8,5.686,5.63,23.838,6.638810232,7.929179451,6.726271392,7.90785873
1,9,8,8.5,5.484,5.432,24.094,7.036112712,7.93691624,7.123353612,7.917126121
1,9,8,9,5.299,5.266,24.335,7.426695686,7.94544341,7.485843914,7.932874825
1,9,8,9.5,5.122,5.08,24.561,7.823660832,7.951439347,7.904410623,7.935439529
1,9,8,10,4.953,4.903,24.774,8.226622075,7.955654393,8.32966928,7.936598151
1,9,8,10.5,4.794,4.751,24.975,8.630380434,7.959261833,8.724972035,7.942855709
1,9,8,11,4.648,4.594,25.165,9.026074798,7.963809795,9.152917743,7.94318477
1,9,8,11.5,4.51,4.462,25.345,9.422602234,7.967780374,9.54242687,7.949418252
1,9,8,12,4.378,4.335,25.516,9.823708074,7.970786691,9.937709504,7.954310931
1,9,8,12.5,4.254,4.218,25.678,10.22268329,7.973653946,10.32380905,7.959836245
1,9,8,13,4.134,4.083,25.832,10.62944702,7.975211374,10.78194067,7.955610638
1,9,8,13.5,4.023,3.974,25.978,11.02790943,7.977430716,11.18286666,7.958565562
1,9,8,14,3.914,3.874,26.118,11.43884464,7.978274436,11.57246123,7.962846389
1,9,8,14.5,3.807,3.78,16.252,7.343921504,4.938852178,7.402859809,4.932393526
1,9,8,15,3.718,3.69,26.379,12.24036316,7.981844827,12.34412549,7.971004432
1,9,8,15.5,3.628,3.598,26.501,12.6374306,7.983788578,12.75448511,7.972153046
1,9,8,16,3.538,3.513,26.618,13.05159005,7.984007559,13.15421875,7.974294091
1,9,8,16.5,3.457,3.428,26.729,13.44504697,7.985724895,13.57012356,7.974437705
1,9,8,17,3.377,3.361,26.836,13.85026222,7.98645395,13.92245036,7.980214667
1,9,8,17.5,3.301,3.277,26.939,14.25359211,7.987381484,14.36739055,7.978007423
1,9,8,18,3.227,3.193,27.038,14.66335371,7.987744931,14.83286465,7.974444509
1,9,8,18.5,3.16,3.123,27.133,15.05343618,7.989520151,15.24636771,7.975021346
1,9,8,19,3.089,3.062,27.225,15.47987607,7.98870608,15.62701893,7.978107887
1,9,8,19.5,3.027,3.005,27.313,15.87265529,7.990123619,15.99754338,7.981472997
1,9,8,20,2.966,2.93,27.398,16.27380805,7.990940491,16.4880225,7.97676437
